43It0OEHVyJe,qEVfsXFU3er9,delivered,05-03-2017 16:10,05-03-2017 16:25,18-04-2017 15:28,06-04-2017
ddXx4T93MeaI,mPg90mQwmDOP,delivered,03-10-2017 12:58,03-10-2017 13:07,09-10-2017 14:06,30-10-2017
NXDsEGbl1pUC,v6GelvnCrAk5,delivered,02-04-2018 00:31,02-04-2018 00:47,06-04-2018 20:53,18-04-2018
MhDudBaAab78,lZ0pUFQvjZNA,delivered,16-08-2017 19:36,18-08-2017 02:35,24-08-2017 21:47,05-09-2017
XupzjrovQeez,ckZATUjYdFd3,delivered,21-06-2017 16:41,22-06-2017 02:45,29-06-2017 12:43,04-07-2017
YTztQOHlvuBg,GuxDt46GwQEd,delivered,02-07-2017 21:10,02-07-2017 21:25,13-07-2017 19:19,27-07-2017
xfXLgLbCo5BC,SPV4UclettEh,delivered,18-02-2018 12:03,18-02-2018 12:10,28-02-2018 20:06,13-03-2018
gVMP1bPDg69L,GpdbWoJi61Qc,delivered,30-12-2017 02:36,04-01-2018 23:17,23-01-2018 20:28,05-02-2018
9G9EHbafs7NW,KD8KlSTtIm3Z,delivered,18-07-2018 18:42,18-07-2018 18:55,03-08-2018 14:43,13-08-2018
INolFarYfmEO,QU7yWUgfIpJX,delivered,30-06-2018 21:08,30-06-2018 21:30,11-07-2018 17:56,03-08-2018
LV0vJIDricq1,rgjb3WchpjHg,delivered,05-11-2017 19:14,07-11-2017 07:30,17-11-2017 20:32,29-11-2017
VtQvdStc00Xd,JyHhNu9cbCo1,delivered,07-03-2017 19:19,08-03-2017 03:05,21-03-2017 10:41,03-04-2017
tOTdnjpI8Udp,Jw0zo2CWiEs7,delivered,10-07-2018 12:15,10-07-2018 12:30,15-07-2018 16:13,18-07-2018
ebR5efLCCpiq,MXiUFyGLUs2Z,delivered,03-02-2018 17:08,03-02-2018 17:30,06-03-2018 07:14,13-03-2018
YOKYMSjKRCMN,oiBrZODbJTvz,delivered,10-04-2018 08:42,10-04-2018 08:55,20-04-2018 10:59,02-05-2018
57XZHymoJ10l,mcuPjOLRkNpR,delivered,05-09-2017 13:32,05-09-2017 13:50,13-09-2017 16:54,29-09-2017
yUz40ih0jYGt,yOjH9Exn64WQ,delivered,15-03-2018 15:20,15-03-2018 15:35,24-03-2018 15:34,27-03-2018
IeZYtitws7WU,yca6TkmY4yQm,delivered,16-05-2017 09:23,16-05-2017 09:35,31-05-2017 08:38,07-06-2017
ZPkh9QhjG7SK,LooHWGt3K5gp,delivered,05-08-2017 18:13,08-08-2017 03:55,17-08-2017 17:05,25-08-2017
KJL5uJuZzKxr,oZqYD7eyV1EJ,delivered,17-07-2018 15:21,18-07-2018 03:01,20-08-2018 12:08,14-08-2018
SelY2hgVvruM,0hj86xqZbYSV,delivered,05-05-2017 17:23,06-05-2017 06:35,25-05-2017 16:30,05-06-2017
0QqNX4xLriht,l2wCGNSY1l3Z,delivered,15-05-2017 19:39,15-05-2017 19:55,22-05-2017 12:25,02-06-2017
HNXQI2lmI4AR,ukZ709Rl8bdF,delivered,05-09-2017 14:56,07-09-2017 02:44,14-09-2017 20:05,18-09-2017
C21fWds5zL0W,iFsAJRrzVaTS,shipped,04-02-2017 12:58,04-02-2017 13:10,,15-03-2017
00NEIdaOTIgn,tSG89uyaK6MS,delivered,07-05-2018 22:34,07-05-2018 22:52,11-05-2018 22:48,21-05-2018
XprtHqpLEddw,Ex7BhwPvrGyQ,delivered,08-06-2017 20:25,09-06-2017 20:30,28-06-2017 13:17,11-07-2017
ph9ImXx6aMjl,f4Frm4WEvj1g,delivered,16-08-2017 22:58,17-08-2017 00:50,26-08-2017 15:35,05-09-2017
x0fzGpICAZ0w,ORO4ADUB1jHd,delivered,27-04-2018 23:54,28-04-2018 00:10,02-05-2018 17:32,14-05-2018
YUX432Je58GK,jQ0u9oBPe3Mg,delivered,25-07-2018 09:02,25-07-2018 09:15,30-07-2018 10:49,02-08-2018
C3u0OwYQ8nuP,0I8vL0BlM1p1,delivered,20-03-2017 21:35,20-03-2017 21:35,24-03-2017 12:17,10-04-2017
UaZKqhLFwRZP,JtX09eqY5lk3,delivered,27-03-2018 17:27,27-03-2018 17:48,31-03-2018 16:12,09-04-2018
QOaNjVewOOTX,sk3z82bQhZAO,delivered,07-05-2018 15:39,07-05-2018 17:30,29-05-2018 14:28,30-05-2018
lo8oje94TYb7,eSqRKROmKF9Y,delivered,13-08-2018 14:07,15-08-2018 03:15,24-08-2018 00:14,05-09-2018
O5bLel2qV1yT,SNzA2roBQaGK,delivered,01-08-2018 13:21,01-08-2018 13:35,15-08-2018 20:31,09-08-2018
3ffaVBUrnCxy,IGPOK4wVaGbv,delivered,17-03-2018 10:31,17-03-2018 10:50,28-03-2018 17:03,05-04-2018
8g4jF6hPD6tG,45WzrefbE0kB,delivered,07-06-2017 20:06,07-06-2017 20:22,16-06-2017 18:25,21-06-2017
IBT786JmVIAa,dGD1MVag3snm,delivered,10-03-2018 11:18,10-03-2018 11:48,16-03-2018 20:27,22-03-2018
Rd6Tke4v8afv,EI8c9beFpTSQ,delivered,02-03-2018 09:15,02-03-2018 09:29,05-04-2018 17:41,28-03-2018
NnoGZNF5rNkD,YanexVtkhb2B,delivered,17-11-2017 19:41,18-11-2017 02:35,02-12-2017 18:38,05-12-2017
gZMKyNzWXvcQ,iaDXrhsLGSc6,delivered,27-11-2017 13:49,27-11-2017 13:56,18-12-2017 20:08,21-12-2017
qcDbJ8F0FIjM,hWGGX7sEla9R,delivered,08-05-2018 19:38,08-05-2018 20:54,14-05-2018 20:36,21-05-2018
hyJjgFRI44lc,MNcdWG4E5iDb,delivered,05-04-2018 11:22,07-04-2018 02:48,13-04-2018 00:50,25-04-2018
EfyYNfniuxQP,7mxdMPX1ERJj,delivered,08-09-2017 12:55,08-09-2017 13:05,15-09-2017 21:55,02-10-2017
0MQGlO2eQrNG,JJe2PPwxISzG,delivered,08-01-2018 11:23,08-01-2018 11:35,18-01-2018 20:58,31-01-2018
zb8Qfa2K9ynp,cnalXbv8lRur,delivered,30-03-2017 21:59,04-04-2017 05:45,13-04-2017 16:57,25-04-2017
LLWFihCYlP6a,Vpl3DrXMAEhb,delivered,11-04-2018 20:48,11-04-2018 21:09,18-04-2018 21:50,04-05-2018
PBvPGqQxwFDV,cWwtMYBNlwy1,delivered,08-08-2018 18:52,08-08-2018 19:05,20-08-2018 13:43,20-09-2018
OQHE8Ve7n811,bEh2OYyGVzcI,delivered,30-08-2017 10:56,30-08-2017 11:10,08-09-2017 17:33,21-09-2017
Vtkwb0b4JxKg,3JeAegsqlpZ1,delivered,18-05-2018 18:52,22-05-2018 08:56,04-06-2018 21:16,07-06-2018
4qLswBjaDZnT,6gl6qALuNSUL,delivered,05-02-2018 09:06,07-02-2018 02:52,22-03-2018 19:18,06-03-2018
XXzZNogGt47r,rAV7gKaOWkEy,delivered,10-06-2018 20:29,10-06-2018 20:57,13-06-2018 16:03,29-06-2018
Pp9bMvTIgPDs,CiOHqzRk5bbt,delivered,15-02-2018 09:19,16-02-2018 09:35,12-03-2018 17:19,12-03-2018
zh6skhlWLDTv,tIPFV5qJBgvT,delivered,06-03-2018 22:09,06-03-2018 22:28,14-03-2018 23:46,22-03-2018
z9Zr742C0ASe,yD2x7GOSsjqA,delivered,29-04-2018 11:36,29-04-2018 11:52,10-05-2018 21:04,25-05-2018
AayA35wXEdbB,a9gFQyCfrVym,delivered,11-09-2017 17:35,11-09-2017 18:04,05-10-2017 20:43,11-10-2017
kuyUMcYHFGqn,dXsploeBzop3,delivered,29-07-2018 12:47,01-08-2018 16:31,03-08-2018 18:20,10-08-2018
efc3TQanhsCE,9tQzKeNKhIoQ,delivered,07-05-2017 13:59,07-05-2017 14:10,16-05-2017 13:58,31-05-2017
vFUriN4pz2Bi,TLYzpBJ3Cbnv,delivered,04-09-2017 14:25,04-09-2017 14:43,12-09-2017 23:54,21-09-2017
1CVQ66HlMRUR,J2bElQYq3gEQ,delivered,23-06-2017 13:56,27-06-2017 03:55,28-06-2017 12:06,13-07-2017
jJgDALmwe6f6,lFEdYUjKo6tu,delivered,05-05-2017 08:44,06-05-2017 02:15,15-05-2017 11:38,30-05-2017
n8p0M8Vco4SQ,8tpStNEuJ43p,delivered,10-04-2017 23:29,10-04-2017 23:42,20-04-2017 12:03,15-05-2017
pNSYSUcXxkhB,qvo2fc2aRUvp,delivered,04-06-2017 12:09,04-06-2017 13:02,13-06-2017 17:13,20-06-2017
9AWAHq3HWS6u,pk1Ke0Nxac36,delivered,08-08-2017 13:37,08-08-2017 13:50,11-08-2017 20:11,23-08-2017
DlmtCXqKjfWj,UlqYPqEYgETA,delivered,03-07-2018 11:11,05-07-2018 16:27,09-07-2018 17:06,27-07-2018
KqH0sXMHdItQ,M7wmpVTfmiFp,delivered,18-07-2017 20:52,18-07-2017 21:05,24-07-2017 17:56,07-08-2017
OiIetUyiPLHG,4YfVSBGWPVdv,delivered,28-06-2018 00:43,28-06-2018 01:11,29-06-2018 20:52,12-07-2018
1pgvtCG93rNg,pqIfz7jRxaKh,delivered,13-12-2017 23:56,15-12-2017 23:51,26-12-2017 18:29,09-01-2018
qJHIiWyTAizV,5XGKxFrzDdYP,delivered,27-04-2017 00:12,27-04-2017 01:15,09-05-2017 09:55,26-05-2017
vSug5AqRo9gE,oWBBqGwqpx4m,shipped,07-05-2017 10:22,09-05-2017 09:35,,12-06-2017
cuAQQZUhTEwb,EeCs1w6JNdPU,delivered,06-04-2017 11:53,06-04-2017 13:05,02-05-2017 11:47,10-05-2017
yYk586LcCRYw,hgHQgpZ9rVHu,delivered,11-03-2018 14:54,11-03-2018 15:27,23-03-2018 19:23,02-04-2018
2HQ26ShSPhCA,uvuFFZDOAlU7,canceled,29-07-2017 12:56,29-07-2017 13:05,,18-08-2017
iWJeaLiduq7C,bVaqeOVzrNj1,delivered,09-08-2018 08:16,10-08-2018 08:10,15-08-2018 19:42,10-09-2018
1vz8w7BjKsWC,EZkjVsEKMQF0,delivered,09-07-2018 21:31,09-07-2018 21:45,13-07-2018 20:51,24-07-2018
h8KEpd8n4gLL,LkYwWbX35V3p,delivered,27-11-2017 11:05,27-11-2017 11:15,22-01-2018 13:56,19-12-2017
PC71lF6z451l,paCiJAGDh54D,delivered,20-06-2018 12:30,22-06-2018 04:36,26-06-2018 22:38,03-07-2018
TySAT9hqufKc,wuCRBXrAQIyN,delivered,10-05-2018 20:41,10-05-2018 20:57,21-05-2018 19:16,30-05-2018
Y72RuFd0mZnO,jsuJ85mr7Rlb,delivered,13-12-2017 23:06,13-12-2017 23:15,18-12-2017 16:43,05-01-2018
JQnDQBQZYwWs,7qqTmdyVGDMP,delivered,15-03-2018 22:03,15-03-2018 22:15,20-03-2018 21:58,28-03-2018
qcXjhr3DZYmI,ebCRKHmjYa2q,delivered,22-02-2018 12:04,22-02-2018 12:29,02-04-2018 23:26,20-03-2018
3SQKKPbTrStx,ap5gXjoc79ju,delivered,26-01-2018 17:33,26-01-2018 18:00,01-02-2018 20:29,09-02-2018
IKSlI8m4cXvg,63cb18M1Z31w,delivered,07-08-2018 16:45,07-08-2018 17:05,10-08-2018 19:58,27-08-2018
ubzoVELLkeoU,cIIcBGeYxzLl,delivered,24-11-2017 21:08,25-11-2017 00:16,22-12-2017 21:40,21-12-2017
FfjA9YfQ045p,asn6Y9BiG6Ma,delivered,05-01-2017 14:18,07-01-2017 03:44,17-01-2017 16:47,13-02-2017
pHtHYRoip8Cl,MdXOdiX1GYJB,delivered,27-11-2017 21:29,30-11-2017 17:31,09-12-2017 15:27,22-12-2017
yGQcdep9edOe,DFT8eetndqim,delivered,19-03-2018 07:49,20-03-2018 07:08,26-03-2018 17:28,05-04-2018
O2vxSz1Ohmit,pfARTA1RWJhn,delivered,18-06-2018 08:14,19-06-2018 03:36,29-06-2018 15:12,17-07-2018
CEHnEFl5VOdj,G7fLaaLEAieo,delivered,17-01-2018 18:54,17-01-2018 19:10,21-02-2018 00:39,14-02-2018
JYzOn3Ha1rNQ,VOohNhPUdkDS,delivered,22-04-2018 12:13,24-04-2018 17:24,02-05-2018 20:38,14-05-2018
YjpdVhpi6ke5,dvl5K6eo1ouv,delivered,20-04-2018 09:01,24-04-2018 18:35,25-04-2018 01:30,07-05-2018
xmCgQrZviQ4N,Nxs89iJKBJ8Z,delivered,22-07-2018 17:47,23-07-2018 12:32,26-07-2018 16:21,31-07-2018
DWf9VC5hYd07,fo2DhPj0geOU,delivered,02-08-2017 13:06,02-08-2017 13:23,19-09-2017 15:00,25-08-2017
gMRkjz3CrUnd,ufG7Q9l2g5Dn,delivered,19-09-2017 19:46,19-09-2017 20:04,29-09-2017 20:49,05-10-2017
1sBsJeYdxAI1,uJZ6s76zSxtN,delivered,18-07-2017 17:17,18-07-2017 17:25,26-07-2017 15:52,09-08-2017
6NKIoWu3AOZS,gngo3QnJVUXB,delivered,02-04-2018 12:12,02-04-2018 12:28,04-04-2018 18:13,26-04-2018
fQ58lYglAHz2,HtPYXtaKFzex,delivered,16-06-2017 10:33,17-06-2017 10:25,21-06-2017 18:06,29-06-2017
0Eab4qSWCSyh,xIjzSNbQQ1uw,delivered,15-01-2018 12:22,15-01-2018 12:34,18-01-2018 16:09,30-01-2018
RCsCygUAyk50,3qJ5VThdsczu,delivered,15-09-2017 07:39,15-09-2017 07:50,20-09-2017 22:03,03-10-2017
POj27FIujdqj,lZCaJq9iYKt0,delivered,14-06-2018 21:18,14-06-2018 21:36,20-06-2018 20:58,05-07-2018
lTxzZyJHvbIZ,ncBjZzosb18g,delivered,23-11-2017 11:42,25-11-2017 03:32,16-12-2017 17:58,21-12-2017
PbW1A2IELHIL,E1CIwdUAL7mV,delivered,19-07-2018 19:17,19-07-2018 19:50,30-07-2018 16:54,16-08-2018
RYBegQzM81NV,QsVvy2vjoqJ2,delivered,13-07-2017 14:39,14-07-2017 02:24,31-07-2017 18:25,14-08-2017
uIMjdIbbLKuf,eWPTvp2Uxgjr,delivered,12-04-2018 21:25,13-04-2018 13:29,28-04-2018 19:56,03-05-2018
jj4qFCWCsUSC,SDjEL1DMM89j,delivered,11-08-2017 15:52,12-08-2017 02:55,23-08-2017 11:58,31-08-2017
JBctb1NlmsLO,A5ypt74Dm5ED,delivered,25-11-2017 23:56,27-11-2017 23:50,15-12-2017 04:22,27-12-2017
V98wyh8HaJrC,M8toooCMGG65,delivered,26-03-2017 14:07,26-03-2017 14:15,03-04-2017 13:15,24-04-2017
F7SlozxlB98i,YeToIjRZbK1b,delivered,15-04-2018 23:10,15-04-2018 23:32,21-04-2018 00:08,09-05-2018
M9UeVfUqd5IQ,zwFtWWaE2Ja8,delivered,30-11-2017 09:06,30-11-2017 09:15,27-12-2017 14:18,05-01-2018
XfRzUdQ4vXDb,Yu7y0eUjrMjF,delivered,15-10-2017 04:15,15-10-2017 04:28,23-10-2017 14:37,26-10-2017
KZdbnccspG6C,tvBnqB57rQrh,delivered,12-08-2017 22:00,12-08-2017 22:15,17-08-2017 20:47,05-09-2017
aK8BUDSAUnAJ,EmOTT0NimdgC,delivered,25-08-2017 23:51,26-08-2017 00:05,04-09-2017 19:09,19-09-2017
hdpKYesvGZeq,3QWW2QATQoks,delivered,10-08-2018 15:08,11-08-2018 02:50,31-08-2018 23:58,16-08-2018
5jALvFXzAkdi,9U87V4FA6owh,delivered,27-02-2018 11:06,27-02-2018 11:15,21-03-2018 22:38,21-03-2018
RilBPuEjhaeQ,LGiyKX8bqvRl,delivered,08-05-2017 12:15,08-05-2017 13:03,19-05-2017 13:37,31-05-2017
Weun8cqlOfrB,JG5L1Y6huM3k,delivered,22-07-2017 07:12,25-07-2017 03:35,03-08-2017 18:17,15-08-2017
1By8LOosrvF2,grsbZ5L1H5ty,canceled,06-11-2017 15:47,07-11-2017 07:30,,28-11-2017
8XJCljLJRlic,ZLVSgLGIBt50,delivered,10-01-2018 19:02,10-01-2018 19:13,22-01-2018 23:28,02-02-2018
gQPaVIZUm0jj,LFLEYmt3mGzI,shipped,20-10-2017 19:51,20-10-2017 20:05,,13-11-2017
k2K9LcU3wvcQ,26bdBz0weg9K,delivered,21-02-2018 18:47,21-02-2018 18:55,26-02-2018 21:28,07-03-2018
XQuhwBeGcadT,iWDrWao0rL2O,delivered,03-04-2018 16:00,05-04-2018 02:10,11-04-2018 18:28,25-04-2018
LARRQkCjz5Fs,6rX0opAYaf5O,delivered,16-12-2017 13:51,16-12-2017 13:58,23-12-2017 16:21,05-01-2018
70G4cTVwm38h,WnCydkx96ul3,canceled,04-07-2018 16:05,06-07-2018 02:55,,22-08-2018
8LfYKHvDTqIN,frNd2yIHhY1X,delivered,23-10-2017 20:31,23-10-2017 20:49,07-11-2017 01:09,24-11-2017
D2X7rxN9EsBw,5aMM3LwvZE6p,delivered,11-07-2018 19:55,11-07-2018 20:10,21-07-2018 10:41,01-08-2018
HOFJukOFU41j,5nowe7IWIlDi,delivered,15-04-2018 10:17,15-04-2018 10:30,18-04-2018 14:52,30-04-2018
uApWp6b4k8Y5,nOJb8kxjeqMu,delivered,03-07-2018 18:41,05-07-2018 16:10,11-07-2018 18:18,30-07-2018
7L8qUUgsbhXY,qVYMpdAeuyNn,delivered,24-07-2018 18:36,24-07-2018 18:45,26-07-2018 15:38,01-08-2018
PvRgo7CeEN4f,9QRPPukPDKtj,delivered,21-03-2018 15:05,21-03-2018 15:16,04-04-2018 14:42,09-04-2018
aDxB5SgA7C4q,ejNZQ7X7x2T3,canceled,05-02-2018 16:30,05-02-2018 16:52,,12-03-2018
AHI2VGgmwKwA,Aecwfm7Hmsal,delivered,18-06-2018 11:15,19-06-2018 03:36,22-06-2018 18:53,05-07-2018
0gxtU32XLhDR,tc4f86hhYwpB,delivered,08-05-2018 21:04,08-05-2018 21:15,21-05-2018 20:48,29-05-2018
NqkFWmoEkOni,u1gplSGJr1m5,delivered,16-08-2018 10:02,16-08-2018 10:15,24-08-2018 19:22,11-09-2018
uT2NLXe4uIbX,JOJJwXBnFMcH,delivered,11-12-2017 09:46,11-12-2017 09:54,05-01-2018 20:49,09-01-2018
csNKQHT4LjSP,txfGakDnlUkr,delivered,25-07-2018 17:37,27-07-2018 02:24,14-08-2018 23:41,21-08-2018
ff6LV2J7cd1m,Hv2CJ4UgONx7,delivered,25-07-2018 16:12,27-07-2018 02:24,30-07-2018 17:57,02-08-2018
2DhVqmEuKWsy,aptoeeHlIxbP,delivered,02-07-2018 16:31,02-07-2018 16:50,06-07-2018 18:36,27-07-2018
VBLoTukvL7qH,Df666drgmPfx,delivered,06-08-2018 18:16,06-08-2018 18:30,10-08-2018 19:21,14-08-2018
Xz9xN4y9ehaz,DRJMerHUON15,delivered,15-06-2017 22:49,17-06-2017 03:42,03-07-2017 11:33,19-07-2017
ME2UeeIZeHQQ,7oijac5SpbW5,delivered,01-09-2017 18:32,01-09-2017 22:25,11-09-2017 22:41,26-09-2017
Y8qzXFVs2NdT,N9TistbY5amC,delivered,09-04-2018 13:11,09-04-2018 13:29,11-04-2018 18:46,25-04-2018
O9usX12ihwJ4,CWALhpNIASHI,delivered,01-02-2018 14:02,03-02-2018 02:53,14-02-2018 13:41,23-02-2018
UnPOaR1OCnNc,jnoKHCWQzJID,delivered,12-07-2017 13:15,12-07-2017 14:03,18-07-2017 22:44,01-08-2017
BERp5cg4oEws,eKhyaqjCe7PA,delivered,25-11-2017 09:20,25-11-2017 09:33,04-12-2017 22:18,19-12-2017
BtFtgxewQU3o,0XrxfhxhjXYE,delivered,13-05-2018 12:09,13-05-2018 12:32,18-05-2018 21:27,18-06-2018
KZQpsmctCSfS,yBX7ugjJOTSS,processing,04-02-2018 14:21,04-02-2018 14:35,,07-03-2018
g9qI3z1YAvNw,oCaEiLxD6fHF,delivered,17-04-2018 20:21,18-04-2018 20:15,26-04-2018 00:40,09-05-2018
aMzeNC1KCVOQ,I94cAhDO80TM,delivered,01-08-2018 17:03,01-08-2018 17:15,03-08-2018 20:18,06-08-2018
dZuZBawSN57o,nyVwdmiDhhG6,delivered,19-08-2018 16:28,20-08-2018 12:30,29-08-2018 01:05,04-09-2018
nKbHlRgVGlF3,uQoGZ4NfZUsh,delivered,29-04-2018 15:18,29-04-2018 15:34,08-05-2018 16:23,22-05-2018
P09ArFA0BZRP,5dFJ3hGKYymc,delivered,11-07-2017 14:08,12-07-2017 02:10,26-07-2017 17:17,02-08-2017
XbYUfEsyagnN,fvrCaNELssNc,delivered,06-06-2017 12:23,06-06-2017 13:25,09-06-2017 15:17,27-06-2017
mofZTSTPPWxE,g0UqYq0z41XR,delivered,14-09-2017 13:24,14-09-2017 13:37,25-09-2017 18:54,03-10-2017
rUQbmLj5M2QE,VBhPvelXEBtq,delivered,17-05-2017 04:26,18-05-2017 04:35,02-06-2017 08:32,03-07-2017
QFwMop3sFZ9H,TSar8iKGBFdD,delivered,28-11-2017 18:13,28-11-2017 18:32,20-12-2017 18:39,19-12-2017
hYDthrOpadOc,YsC9HcNGEOnJ,delivered,22-01-2018 19:57,22-01-2018 20:16,31-01-2018 19:28,21-02-2018
TTBF9yOgN5EH,UXwfLujVOTVL,delivered,02-04-2017 15:08,02-04-2017 15:15,11-04-2017 12:15,28-04-2017
F9i3hpJUc5HJ,sllkB0XGYrxT,delivered,05-12-2017 20:25,06-12-2017 07:13,17-12-2017 13:57,28-12-2017
PzBniksLzOcM,OSFTagz8LUCX,delivered,01-02-2018 11:09,02-02-2018 02:53,06-02-2018 21:52,19-02-2018
UWss0GYyCTJq,IG0zdwpicn3n,delivered,31-01-2017 13:01,31-01-2017 13:15,09-02-2017 16:14,03-03-2017
9fJpRKgzGYmY,gvNtQarZgOr8,delivered,20-07-2017 12:11,20-07-2017 12:25,09-08-2017 19:46,21-08-2017
FyxzH1mhMBKM,YeOwwF3fdWgu,delivered,01-08-2018 22:58,01-08-2018 23:10,09-08-2018 14:34,14-08-2018
91fTReRt3k2s,HTmirdxNO6w3,delivered,19-04-2018 08:19,19-04-2018 08:30,03-05-2018 23:21,16-05-2018
4BKIy9ysy6d8,ROKLVaGH8de0,delivered,09-07-2018 16:08,09-07-2018 16:25,11-07-2018 19:37,23-07-2018
EztPEldn1Aha,vqxOoMq59uav,delivered,14-01-2018 10:14,14-01-2018 10:29,31-01-2018 15:04,09-02-2018
4WCFUeAivvDG,RoIfzwKM1yvo,delivered,07-11-2017 15:38,07-11-2017 15:50,17-11-2017 18:14,28-11-2017
3VPXNauA1hA6,E1orXI8bLrNV,delivered,24-11-2017 23:37,25-11-2017 01:37,03-12-2017 15:10,14-12-2017
jMFLFVfabNrH,FOHBkie5YOyT,delivered,10-03-2017 10:34,10-03-2017 10:34,24-03-2017 16:40,20-04-2017
PhYGGGCiQHKD,e2pbPEjaeR6m,delivered,25-07-2018 13:25,25-07-2018 13:35,01-08-2018 18:34,22-08-2018
RNy2CkQv9QO4,elCsLJhTBJtl,delivered,03-03-2018 12:10,03-03-2018 12:29,23-03-2018 03:07,26-03-2018
RAhrqqxcXgA5,rCX2RwzGubEQ,delivered,01-02-2018 08:52,03-02-2018 02:53,16-02-2018 15:35,23-02-2018
lFLPAbeUgKTV,xbIMznITKpTA,delivered,24-03-2017 21:17,24-03-2017 21:25,03-04-2017 14:57,25-04-2017
P6bxg4N8Cw1J,BKYTz5VyeBBd,delivered,03-03-2017 14:21,03-03-2017 14:35,17-03-2017 12:52,28-03-2017
YykeWYFjVZYE,abN6KF4qdL4n,delivered,07-11-2017 15:01,07-11-2017 15:16,13-11-2017 16:39,28-11-2017
dHuy4so1fO7s,Azn5ULeYYh8s,delivered,15-04-2018 20:36,15-04-2018 20:52,20-04-2018 15:51,10-05-2018
bIVFvWVIw4jq,78uia3DgAfNK,delivered,12-02-2018 14:14,12-02-2018 15:00,16-02-2018 10:22,01-03-2018
tflNP98YJXRM,Py7WXu4L3Wmi,delivered,29-04-2018 22:59,01-05-2018 05:55,04-05-2018 20:28,17-05-2018
iThcgEagJGvM,CFLESwh13Z7B,delivered,31-03-2018 11:59,31-03-2018 12:10,09-04-2018 19:08,23-04-2018
MnaiNSJ6870y,SaNj4MhzahVL,delivered,14-12-2017 00:29,14-12-2017 00:36,30-12-2017 13:11,17-01-2018
pvWUa3UvgInr,qk3Ys1QXliaP,delivered,30-11-2017 21:12,02-12-2017 02:37,06-12-2017 15:07,18-12-2017
39TPZFziHhP2,4JEusie8wqjJ,delivered,12-08-2018 22:48,13-08-2018 22:45,20-08-2018 18:07,29-08-2018
afDRwL1WXpA1,NvTNauiH1qDG,delivered,11-05-2017 15:10,11-05-2017 15:22,22-05-2017 18:13,12-06-2017
QBEax8koxs19,HFRFmaPKlKMJ,delivered,08-12-2017 11:56,09-12-2017 02:34,05-01-2018 17:20,04-01-2018
CtAfWF8UkMCP,KC8GYZZaxJut,delivered,26-06-2018 08:06,26-06-2018 08:18,27-06-2018 13:31,11-07-2018
V4JFkZwCu5hF,1GWMLfIMdj4c,delivered,28-09-2017 17:34,28-09-2017 17:49,10-10-2017 20:02,24-10-2017
qwPG85b508Td,MqcXipRNMkYz,delivered,19-05-2018 19:34,19-05-2018 23:30,07-06-2018 20:03,08-06-2018
pLnMJMmel09E,ILqTIy6lgDe6,delivered,23-06-2017 22:36,23-06-2017 22:50,05-07-2017 14:12,19-07-2017
7PvMPzzIkey5,qok4zm9Soojy,delivered,14-01-2018 12:17,14-01-2018 12:29,22-01-2018 22:42,30-01-2018
yWHy7JXGvc0Z,K344NrOcLCky,shipped,18-01-2018 04:37,18-01-2018 04:52,,22-02-2018
GKjyAxdPwdIc,Q8Lv1HumoePe,delivered,01-01-2018 18:31,03-01-2018 04:30,10-01-2018 16:12,30-01-2018
SZIajujwn1Oo,8Y14XQoJK8Ha,delivered,11-08-2018 14:59,11-08-2018 15:15,17-08-2018 23:27,30-08-2018
KL9BlcRxTqHu,lZxA6yRvTQOj,delivered,25-07-2017 16:56,26-07-2017 16:50,05-08-2017 14:12,16-08-2017
PULq31I4UKo4,nodpgJjEkMSi,delivered,15-07-2018 21:00,15-07-2018 21:15,25-07-2018 21:41,02-08-2018
Y0bGpsoT1Vhh,9tBiIII0TOJc,delivered,15-08-2018 11:25,15-08-2018 11:44,28-08-2018 00:21,18-09-2018
7LgpFGaazYyl,wu4LLpEktWbt,delivered,22-12-2017 14:39,22-12-2017 14:57,19-01-2018 22:32,26-01-2018
88cwXsdwdeEH,wMofpXKFWSfh,delivered,03-12-2017 02:24,03-12-2017 02:48,08-12-2017 22:26,20-12-2017
r7702612Pdfh,2gkH6jQ35V6r,delivered,18-10-2017 13:34,20-10-2017 02:49,25-10-2017 16:36,06-11-2017
JhSAOXXtYcdN,KmfdV8VuGWM8,delivered,09-03-2017 12:52,09-03-2017 12:52,20-04-2017 09:44,12-04-2017
lq2t00ICp3Em,DZQwRhEhGk0D,delivered,14-05-2018 12:05,14-05-2018 12:39,23-05-2018 20:04,04-06-2018
6nNyBTWOOOFA,PXqEjREEffav,delivered,05-01-2018 19:15,05-01-2018 19:27,16-01-2018 20:58,07-02-2018
15IH5WU11wIZ,orIYzq1FFngF,delivered,31-05-2017 11:38,01-06-2017 11:45,22-06-2017 15:07,06-07-2017
ouRLjr6NSysJ,XBdsnwLCiVEB,delivered,28-05-2017 12:47,30-05-2017 04:42,16-06-2017 10:23,21-06-2017
yDLykPwUGtqM,XojCouERzFos,delivered,19-02-2018 16:04,20-02-2018 07:27,05-03-2018 21:23,13-03-2018
GHfebQ8QpH8l,5j1oYFmufbg3,delivered,07-12-2017 08:40,07-12-2017 08:52,19-12-2017 19:14,11-01-2018
7XvMI5cx5mU0,bF5K2Cy2Z7ti,delivered,16-10-2017 18:00,16-10-2017 18:23,19-10-2017 19:05,31-10-2017
XDE3dFQJPztt,0P8fiFGwbcyB,delivered,22-07-2017 20:51,22-07-2017 21:05,27-07-2017 18:34,21-08-2017
dix4hRLqxcfL,RwArI5y9MN7r,delivered,20-05-2018 17:07,22-05-2018 07:55,04-06-2018 16:46,22-06-2018
4W3f1ahNdmTs,SpZjRYzPDtxp,delivered,05-05-2017 20:49,05-05-2017 21:02,18-05-2017 11:54,05-06-2017
xljf54RoX9JP,xe0n3nVehHaT,delivered,04-12-2017 15:59,05-12-2017 04:13,27-12-2017 11:38,29-12-2017
2rs8IUIAS4rL,waMZKYMRuVn2,delivered,15-03-2017 20:31,15-03-2017 20:31,23-03-2017 16:52,04-04-2017
B8V4EaW2eSh0,GUzQDRVGumYn,delivered,21-11-2017 18:37,21-11-2017 18:47,24-11-2017 19:21,01-12-2017
FwheKtHhpBN2,qPcKrtMv39Ny,delivered,08-04-2018 14:03,08-04-2018 14:15,10-04-2018 20:34,19-04-2018
tPTCcbVjRfc3,weHkbjfrV556,delivered,02-06-2018 23:40,02-06-2018 23:50,11-06-2018 16:28,11-07-2018
TGt9bWN79Nqz,qkLJoaytabZ0,delivered,25-07-2018 21:24,25-07-2018 21:35,09-08-2018 01:28,17-08-2018
qJjvfYu6Y4fm,mpDGFN6xdUn7,delivered,25-03-2017 11:58,25-03-2017 12:10,29-03-2017 19:52,13-04-2017
JT0oXIkh4Gzh,sNJV5Gu55TZU,delivered,20-08-2017 18:10,21-08-2017 15:55,31-08-2017 18:27,19-09-2017
yr2H21aRoD3h,G9BomGyiASFC,delivered,14-11-2017 03:22,14-11-2017 03:35,21-11-2017 13:21,04-12-2017
3kStl9hl8CfT,U6mP30pWiUQe,delivered,30-03-2017 17:07,30-03-2017 17:15,10-04-2017 15:05,24-04-2017
HG9ftAgQxhF4,C2neZlovyKdO,delivered,24-11-2017 16:45,24-11-2017 21:32,20-12-2017 20:47,26-12-2017
sm0ZEnWNt7qQ,zYGWePUn88Up,delivered,02-06-2017 21:18,02-06-2017 21:32,19-06-2017 20:47,05-07-2017
KuKfiKKJLTwK,jNtpBPyIRlVh,delivered,08-08-2018 12:05,09-08-2018 15:45,30-08-2018 19:02,12-09-2018
0JDo7VjW8fwo,ZmQxYSc3Pkep,delivered,03-12-2017 15:45,03-12-2017 15:55,07-12-2017 18:45,05-01-2018
07amSeyheu9N,kUuQFMv8ogyX,delivered,31-12-2017 08:36,31-12-2017 08:46,26-01-2018 21:12,30-01-2018
0HR2Bu3Sp4gp,QCRBg1XfOOjC,delivered,15-08-2018 16:51,15-08-2018 17:05,27-08-2018 17:31,31-08-2018
3BfkNOSXE9fK,G1xpdgzhaH2L,delivered,17-07-2018 08:42,17-07-2018 08:50,01-08-2018 20:35,09-08-2018
5WmmehR17vqk,jLJ0UsbRochy,delivered,10-08-2017 16:07,10-08-2017 16:25,19-08-2017 14:17,30-08-2017
GRirh1b2z6Y3,mdegAh8lW0zh,delivered,13-07-2018 09:02,14-07-2018 02:45,01-08-2018 19:07,20-08-2018
67qinzyPqskj,XHcb3dwn67J0,delivered,11-04-2018 06:46,11-04-2018 09:12,12-04-2018 15:03,27-04-2018
SSIHiYAn9TpY,J8tIqKe7Lwty,delivered,06-08-2017 15:06,06-08-2017 15:43,21-08-2017 19:15,05-09-2017
r6X1vpADLMvm,tD2qw06fKcBX,delivered,06-06-2017 23:18,06-06-2017 23:25,11-06-2017 10:33,20-06-2017
FEIP98BAAYWW,jOwLUQxf2vs7,delivered,20-08-2017 20:11,20-08-2017 20:30,24-08-2017 21:17,04-09-2017
qlbb5qUbmXnJ,Aih9DU6s8oyK,delivered,27-05-2017 19:20,27-05-2017 19:35,07-06-2017 08:53,29-06-2017
7ERc3mX6MCjK,DAue1YHraRsj,delivered,12-03-2018 09:04,13-03-2018 04:10,03-04-2018 22:40,06-04-2018
Qnw2wAOmQylg,lOWywMERsxp0,delivered,05-08-2017 16:59,08-08-2017 04:25,14-08-2017 18:13,06-09-2017
vU3xyuXEj2Ba,32bFKHvMMEMv,delivered,19-01-2018 01:15,19-01-2018 01:31,22-01-2018 21:38,09-02-2018
Bie3bBbWriRw,pFnZuW57EJTb,delivered,12-02-2017 21:47,12-02-2017 22:02,16-02-2017 14:54,14-03-2017
XQYgG1JMLACG,qZiLCVLOzw0L,delivered,23-02-2018 12:52,23-02-2018 13:15,09-04-2018 20:04,20-03-2018
qZUh5hge1625,5ScAfYqpztVr,delivered,14-10-2017 21:34,14-10-2017 22:03,24-10-2017 14:03,07-11-2017
hlpMgRkYTHdL,PkOW7Cbf1rU5,delivered,08-11-2017 12:41,08-11-2017 13:30,21-11-2017 18:57,14-12-2017
KwUxouAIwmnW,Q9msAR1VvoH1,delivered,24-11-2017 13:24,24-11-2017 15:33,28-12-2017 20:33,21-12-2017
Fl1jNEVLIouI,5S0TZfFeWPJY,delivered,01-07-2018 11:19,01-07-2018 11:30,12-07-2018 20:04,30-07-2018
CbQkhuNUU3S3,OU8Z7zF81JnT,delivered,26-07-2017 13:18,27-07-2017 12:15,28-07-2017 15:14,08-08-2017
tVdaOadCApSM,BDzndD4z9i8L,delivered,29-08-2018 08:46,29-08-2018 09:04,30-08-2018 21:54,11-09-2018
G07cmuGKW2nd,a6lBUx2AmE65,delivered,08-05-2018 09:03,08-05-2018 09:15,14-05-2018 14:55,14-06-2018
2Tdr9eDhdtIu,lqQQsrkprasJ,delivered,16-08-2018 13:22,16-08-2018 13:35,24-08-2018 18:57,03-09-2018
p6iWM5qft7BH,XTOCrs09YhZc,shipped,12-07-2017 22:05,14-07-2017 02:25,,01-08-2017
oJ1LprF3qOBG,it7WXIogmstw,delivered,04-09-2017 15:16,04-09-2017 15:25,17-09-2017 17:14,25-09-2017
ZJ852hQOuseH,JOACXMuORdtc,delivered,11-04-2018 20:41,11-04-2018 20:55,24-04-2018 11:32,24-05-2018
iHnDLespPUlT,yupMoEFfDnE6,delivered,03-05-2017 21:12,03-05-2017 21:22,12-05-2017 14:53,26-05-2017
9LyEELGHWgoP,H0nuPXkLsYFV,delivered,07-08-2017 09:55,07-08-2017 10:10,17-08-2017 18:09,31-08-2017
y8qmpWJzBTA5,r9lY5RrZLPkE,delivered,17-07-2017 08:28,17-07-2017 08:35,21-07-2017 21:17,11-08-2017
MsJrJ9vfOmvF,dxaR7zuMZLgv,delivered,31-07-2018 13:52,01-08-2018 03:31,07-08-2018 22:32,20-08-2018
ItgUvaUVS9ws,baOQZP8fmfKu,delivered,22-04-2017 21:17,22-04-2017 21:30,09-05-2017 23:32,29-05-2017
2YWdoyxm7ge9,q1JW0zZ8t77Z,delivered,06-05-2018 22:38,08-05-2018 19:52,15-05-2018 22:18,01-06-2018
JDsexkka1RtD,kgaRisbWkR8S,delivered,11-04-2018 17:20,12-04-2018 17:15,26-04-2018 21:19,03-05-2018
Hoy9CyALWGZJ,AWTTxA4Co08L,delivered,22-08-2017 15:34,22-08-2017 15:49,21-09-2017 21:00,25-09-2017
i3YWWZIz8fk7,LJGTAEWNa0kn,delivered,14-02-2018 13:16,16-02-2018 07:47,22-02-2018 15:37,12-03-2018
RM4M9i8Yn5x4,gHIMze7jfJUK,delivered,19-05-2017 04:16,20-05-2017 04:10,31-05-2017 18:14,12-06-2017
1oVrUY75oStu,BUGMPRmV0G7u,delivered,04-04-2018 14:19,04-04-2018 15:30,23-04-2018 21:29,02-05-2018
YuEmUNymzcGv,qGZel9QhDI8k,delivered,07-09-2017 10:36,07-09-2017 10:50,20-09-2017 17:36,29-09-2017
kF1ka6uV5YnM,siCyyCHgC5RU,delivered,09-07-2018 08:48,09-07-2018 09:15,23-07-2018 21:26,06-08-2018
jkbVqP4aWneg,AXZAKk41nNaN,delivered,03-08-2018 19:33,03-08-2018 20:04,07-08-2018 11:32,08-08-2018
dxOwaxOE1nT0,OfMjFMFtGloy,delivered,20-06-2018 10:39,20-06-2018 11:08,28-06-2018 10:28,20-07-2018
qwLvLVlwqlcq,m3LhGnVaiRSE,delivered,12-09-2017 16:10,12-09-2017 16:27,27-09-2017 19:22,29-09-2017
ulZ0mI7peyf7,rmFc8ZT8QAFE,delivered,17-05-2018 09:59,17-05-2018 11:31,09-06-2018 17:22,18-06-2018
lUA0GIMIbFvS,FyFlugMB18oj,delivered,06-05-2017 21:49,06-05-2017 21:55,11-05-2017 13:37,29-05-2017
b2u1yVa2LdNK,1HB2U2sb6O4I,delivered,21-05-2018 09:15,21-05-2018 09:36,24-06-2018 17:28,08-06-2018
na3M0MEGCGf8,77lm2vFcJFw7,delivered,20-03-2018 16:24,21-03-2018 07:08,23-03-2018 22:33,16-04-2018
vbRiAK2RZdlx,LdivnAK1VWzF,delivered,13-01-2018 14:50,16-01-2018 03:50,22-01-2018 19:45,15-02-2018
QHnQzNJRBS8w,OKSc9zMvBf3H,delivered,13-12-2017 10:59,13-12-2017 11:11,22-12-2017 15:09,08-01-2018
ZHsymoudGwgy,YpVY4KIM3kpF,delivered,09-01-2018 16:43,09-01-2018 16:53,09-02-2018 17:29,15-02-2018
7PK4NRV2nhjw,I4ORWasAtn2t,delivered,05-07-2017 22:57,06-07-2017 17:05,08-07-2017 14:41,18-07-2017
Ss9iY5xxCC5S,sGbCOPBJBIGl,delivered,07-04-2018 21:50,09-04-2018 08:09,03-05-2018 15:07,03-05-2018
FhbdaS77ToDk,jV8iADqbmykv,delivered,28-08-2017 23:31,28-08-2017 23:45,08-09-2017 21:11,18-09-2017
ZgJAIFrZP7wi,EgtRXe3XSoXX,delivered,24-11-2017 12:48,24-11-2017 14:58,02-12-2017 13:22,14-12-2017
DYDQgIcAmOCk,vIv7e64Weojr,delivered,15-09-2017 11:22,16-09-2017 03:05,25-09-2017 18:16,09-10-2017
zhV4YwJcMaf6,f0McnuJJg7y7,delivered,18-11-2017 19:49,21-11-2017 09:09,12-12-2017 19:14,18-12-2017
KWuqSsip5IPL,w4gVmc7ZPB7J,delivered,29-05-2018 00:08,30-05-2018 02:15,12-06-2018 16:38,12-07-2018
u6wIOFvJPMJx,DxOIWqM5WfD9,delivered,26-03-2018 14:22,27-03-2018 03:55,05-04-2018 01:57,27-04-2018
wILgQcnuMP8h,niuqvDhsbEh8,delivered,24-10-2017 10:00,25-10-2017 02:07,11-11-2017 11:28,27-11-2017
cHueggO8i50e,wXlHYtczLH4a,delivered,16-01-2018 22:32,17-01-2018 22:29,24-01-2018 14:12,07-02-2018
gwGItwZIp6b9,NDyqAszwpmxL,delivered,05-05-2018 14:00,05-05-2018 14:13,11-05-2018 21:16,06-06-2018
52dDBTqijGgS,ix0IHcRs0FhV,delivered,15-09-2017 19:24,19-09-2017 04:03,03-10-2017 21:14,08-11-2017
QfmncxTUYMeM,KWvYwxFj89oa,delivered,20-11-2017 10:59,20-11-2017 12:11,11-12-2017 21:39,07-12-2017
t4Bk5mYUoL8U,vHB4wi1rw7yJ,delivered,24-02-2017 17:07,24-02-2017 17:22,13-03-2017 14:45,24-03-2017
RAwGupGDXwd5,SkyzvQhclOjl,delivered,12-07-2018 19:55,13-07-2018 08:31,16-07-2018 15:32,02-08-2018
YTg0u33hKRJZ,eGMfCgBLlg0f,delivered,06-10-2016 16:13,06-10-2016 16:51,13-10-2016 16:51,28-11-2016
4lSWIJZYPkdj,7TsE2duwQ56v,delivered,05-07-2018 18:35,05-07-2018 18:51,13-07-2018 18:21,31-07-2018
XVYh21794I2q,IcpG2VytJuOz,delivered,03-01-2018 10:11,03-01-2018 10:18,05-01-2018 22:34,29-01-2018
T02ERQXo0cHk,CMzWm8HwIEmO,delivered,21-08-2017 15:22,23-08-2017 02:56,04-09-2017 20:15,22-09-2017
MoHhpMorkOQe,y3TdpB1uofUy,delivered,19-12-2017 18:48,20-12-2017 17:12,26-12-2017 15:04,08-01-2018
xvCjkl7oHF4p,jR6aMohAuoS4,delivered,18-07-2017 14:01,18-07-2017 14:15,28-07-2017 18:08,09-08-2017
NbPquApcLFZJ,fhyuZMq5ShwO,delivered,02-12-2017 00:25,02-12-2017 00:36,07-12-2017 00:37,20-12-2017
bOw1sP6xIXEv,0t5EtElaEA8e,delivered,18-06-2018 21:49,18-06-2018 22:16,22-06-2018 14:51,28-06-2018
V5N9aEmfprUb,cf8KM8v09yFJ,delivered,17-02-2018 22:30,17-02-2018 22:46,22-02-2018 18:29,12-03-2018
xhdUS3Lb7QvK,RLR3Jci7EXFZ,delivered,11-01-2018 10:03,13-01-2018 02:11,22-01-2018 19:51,05-02-2018
uleJoXLnjRWP,0ShwdFYw9sTD,delivered,03-07-2018 13:11,05-07-2018 16:32,10-07-2018 17:47,23-07-2018
AcBnJUivl9Dg,lpnDqjklOzIA,delivered,20-02-2018 19:03,20-02-2018 19:15,23-02-2018 18:17,26-03-2018
ATdWeoeua8ai,asSHqDT749oJ,delivered,08-02-2018 23:22,08-02-2018 23:35,23-02-2018 21:23,06-03-2018
joyYy74OGHWZ,MhqK5dPuLYq2,delivered,25-07-2017 15:26,25-07-2017 16:03,02-08-2017 19:59,29-08-2017
aqM0Dr00Ru7e,tvF46j0D02zc,delivered,18-03-2018 17:12,18-03-2018 17:28,21-04-2018 15:56,26-04-2018
su9qtpmYRRZ4,o2XHJSQDVUjH,delivered,27-09-2017 09:52,28-09-2017 03:07,09-10-2017 21:43,19-10-2017
QQkl6VprDdPC,A2TCBWxtXciV,delivered,09-02-2017 20:56,09-02-2017 21:05,06-03-2017 07:48,20-03-2017
70MKHgNqgYMn,LxPsuAedB4QS,delivered,08-06-2017 21:06,09-06-2017 23:33,04-07-2017 16:11,13-07-2017
NwV6qaWsqsqx,FIE7qnYGWctO,delivered,18-07-2018 13:30,19-07-2018 15:30,31-07-2018 18:58,03-08-2018
Yg64phKM9oJa,tZilI8V0g1e0,delivered,14-08-2017 13:42,14-08-2017 13:55,18-08-2017 13:28,01-09-2017
4T5ho4MRp4mJ,kSoHzbViRklm,delivered,13-01-2018 14:28,13-01-2018 14:39,26-01-2018 11:25,05-02-2018
I4h2Vl1Vy4vZ,PqmwLFfBnOBx,delivered,08-04-2018 15:07,08-04-2018 15:29,13-04-2018 18:10,30-04-2018
gnVDCx1e4YD7,5dXseDWEmiMC,delivered,24-07-2017 22:11,24-07-2017 22:25,31-07-2017 16:59,15-08-2017
DtKD3sdpBpwJ,KUQIrn86ttIe,delivered,02-05-2018 10:15,02-05-2018 10:34,04-05-2018 18:32,15-05-2018
ZN7DWjWqWQND,KuWnR59U1FPy,delivered,01-07-2017 04:22,01-07-2017 04:30,12-07-2017 17:13,02-08-2017
6VKTocEU4N5n,k2pIrgPtCGma,delivered,08-09-2017 13:16,09-09-2017 06:34,25-09-2017 14:04,16-10-2017
eVdINTRc6DTs,yhYEYeGAUIUp,delivered,11-10-2017 23:33,11-10-2017 23:52,01-11-2017 18:22,08-11-2017
1pVYIkz0eQfb,Ct3CALEeBTfd,delivered,29-07-2018 19:16,29-07-2018 19:25,01-08-2018 23:38,06-08-2018
NDgEVmGllteq,uYWZFxT8YNW8,delivered,27-02-2018 15:42,27-02-2018 15:55,05-03-2018 22:57,14-03-2018
CjC2wYcYXNMR,uiQXR8amJUZ5,delivered,10-06-2018 19:09,10-06-2018 19:37,21-06-2018 18:38,03-07-2018
IKNPNRlaS4PH,J2eUP3qQRX21,delivered,13-06-2018 16:26,13-06-2018 17:00,26-06-2018 21:44,26-07-2018
gxecAzqugRRh,f5osd5e09qiH,delivered,04-04-2017 15:33,04-04-2017 15:45,17-04-2017 09:11,25-04-2017
uzwPcONTw6nT,Clcqfbd0dHQy,delivered,29-10-2017 07:43,29-10-2017 07:50,13-11-2017 19:07,27-11-2017
BP5PB2Da0Fhi,wogvLVoYwlWu,delivered,09-08-2017 23:05,09-08-2017 23:24,16-08-2017 19:55,31-08-2017
3wKSoQagZseT,UJAKUaIGlRn3,delivered,29-06-2018 11:02,29-06-2018 11:15,03-07-2018 19:25,23-07-2018
8eWU8keN9FXT,JKRYqZKJtJZE,delivered,17-05-2018 18:32,18-05-2018 00:37,23-05-2018 13:04,04-06-2018
obepRrkmejN1,wlZXim18Y5wp,delivered,19-11-2017 01:23,19-11-2017 03:07,05-12-2017 18:58,08-12-2017
M7QS4SdwfiNR,V2yQapEqeiQ6,delivered,24-11-2017 16:16,24-11-2017 20:13,07-12-2017 17:47,20-12-2017
qcxJY5K5rPBi,XVlW6vVBrmk6,delivered,17-01-2018 19:02,17-01-2018 19:10,19-02-2018 23:54,14-02-2018
zBGSaqk6atNi,fAmGDfYoJrNI,delivered,07-06-2018 22:32,07-06-2018 22:55,18-06-2018 14:31,17-07-2018
ogN2rxuWpNCK,xCiOfWxQ7Btv,delivered,28-04-2018 13:17,29-04-2018 13:15,11-06-2018 22:33,01-06-2018
SU37F2XoUDJm,0EzNwB0wYA0w,delivered,10-08-2018 19:29,10-08-2018 19:44,21-08-2018 13:33,03-09-2018
2O4VRzPhg02a,eQaIzzVXvSVe,delivered,08-03-2018 16:52,08-03-2018 17:10,11-04-2018 00:38,02-04-2018
zMDPbvlnXGPI,Eyr64dIilcgM,delivered,26-06-2018 19:44,26-06-2018 19:55,03-07-2018 15:56,26-07-2018
SkDe2m1n0yog,Nsa1cccryn3Q,delivered,10-04-2018 10:03,10-04-2018 10:15,30-04-2018 18:54,10-05-2018
yFIPmG5Qso5x,GtjbUb6VvhUd,delivered,02-08-2018 21:24,02-08-2018 21:35,21-08-2018 00:28,16-08-2018
PM660Hvl5ltN,RR1YZ96cZobY,delivered,16-10-2017 18:08,18-10-2017 03:16,24-10-2017 20:09,26-10-2017
GeOcwJMHVigj,c6jqSw2fKK1m,delivered,13-09-2017 16:46,13-09-2017 17:04,03-10-2017 19:09,10-10-2017
jYQul2d9y89V,fQp5U82OnxIM,delivered,22-03-2018 07:34,22-03-2018 13:29,03-04-2018 19:08,13-04-2018
mQr7ud7RxjFh,pV5CMhjRA4BD,delivered,01-03-2017 14:50,02-03-2017 06:45,14-03-2017 14:03,22-03-2017
IISLmGs2JnDH,5rqBHhb2Lu0d,delivered,29-07-2017 16:50,29-07-2017 17:05,02-08-2017 19:24,22-08-2017
7fplap09K9uW,Vbad86A2kO7h,delivered,09-10-2017 11:44,10-10-2017 11:56,31-10-2017 00:22,01-11-2017
TOB9XNU1gV1f,sonYdrcofFIt,delivered,09-05-2018 14:47,09-05-2018 15:37,28-05-2018 17:31,13-06-2018
69R4LtM3Dkwy,YzjQ1d4ODDkP,delivered,13-05-2017 22:22,13-05-2017 22:35,21-05-2017 10:47,26-05-2017
uRWFD2jisRYY,MtMtwGLv0AAT,delivered,24-04-2018 21:16,24-04-2018 21:30,09-05-2018 19:52,21-05-2018
2bWGX09hpCzq,cZEYe5ZKG6Ze,delivered,08-05-2018 12:47,08-05-2018 13:09,15-05-2018 19:42,12-06-2018
w2wruPCem5Jb,WZCFk7SWMFFm,delivered,15-06-2018 13:08,15-06-2018 13:44,21-06-2018 20:05,05-07-2018
SCbGP1HdX6RG,suzK9f0sEvIi,delivered,25-03-2018 21:30,25-03-2018 21:48,28-03-2018 00:04,06-04-2018
dm1S9vmqr74a,4Bv5yXlke7qp,delivered,20-12-2017 18:51,22-12-2017 02:51,26-12-2017 15:24,09-01-2018
4EczELWhsgzG,cNow1DF5YxjX,delivered,14-04-2018 14:13,17-04-2018 05:50,05-05-2018 13:32,10-05-2018
oKFxBuViwhe7,3Ll46Tj9RN0q,delivered,24-11-2017 16:08,24-11-2017 19:59,12-12-2017 21:09,21-12-2017
3T9PiPDcq3cK,CuXTYUcBde3A,shipped,02-08-2017 16:29,03-08-2017 16:55,,22-08-2017
OFGFuIiesVzM,kpZeu9Hs5XXS,delivered,01-06-2018 16:50,01-06-2018 17:13,19-06-2018 18:24,13-07-2018
fYRfJWDPpozD,pJbXZRS0sqqS,delivered,27-11-2017 17:46,27-11-2017 18:00,12-12-2017 13:07,11-12-2017
dRXwZhgcISmk,M0P5DHWYoZPr,delivered,08-02-2018 20:01,09-02-2018 20:07,05-03-2018 21:58,05-04-2018
g3HasEpzawM0,WJ0q80kQ7mZH,delivered,25-01-2018 00:00,26-01-2018 03:15,01-02-2018 16:53,22-02-2018
YFisdGiOJ3Os,318n0db79d19,delivered,10-04-2017 10:46,10-04-2017 10:55,17-04-2017 15:28,04-05-2017
gVMHJHnYDmla,8xqmTu5tWixx,delivered,27-11-2017 13:33,29-11-2017 13:37,04-12-2017 20:33,14-12-2017
Hl9PAWXsdmPU,JRAkBW52ylzK,delivered,09-01-2018 18:08,09-01-2018 19:32,17-01-2018 13:14,23-01-2018
8EmYv2JrQoVM,82FOTwe8xDKO,delivered,04-11-2017 09:29,04-11-2017 09:46,21-11-2017 21:47,05-12-2017
ECV62MnnmTLX,liwpNZL3DOZJ,delivered,13-02-2018 23:13,15-02-2018 04:11,14-03-2018 18:41,07-03-2018
4NRNwKsOveDT,oyP6xO7xWbXU,delivered,03-06-2018 11:03,03-06-2018 11:15,13-06-2018 22:38,25-07-2018
WLTmxfRLxDdY,7mxhG9PYa0St,delivered,06-11-2017 11:49,06-11-2017 12:31,13-11-2017 20:26,27-11-2017
yfKNH3zw6uaS,7CbZKrOjHS4p,delivered,22-08-2017 12:44,23-08-2017 02:46,01-09-2017 22:40,14-09-2017
Dp4K8yh2l2kZ,PZ5SLcuCD4Yu,delivered,10-06-2018 21:28,11-06-2018 21:40,14-06-2018 16:34,28-06-2018
aMOKAbOn7YS7,xydnwS2B3vnq,delivered,13-10-2017 14:45,17-10-2017 04:24,25-10-2017 20:22,11-01-2018
ANKr9b0fQOG1,fSoEDQavGSYo,delivered,08-10-2017 12:44,08-10-2017 12:56,20-10-2017 11:04,08-11-2017
ucFzWwW4Vl7H,k4jj7bTV7KmF,delivered,02-06-2017 09:18,03-06-2017 02:30,19-06-2017 13:36,05-07-2017
iz8xwkPzbsgV,QlaBWwflyrZE,delivered,12-10-2017 18:14,12-10-2017 18:28,25-10-2017 20:44,01-11-2017
Kc54kqG0Wpw8,Jzld306kU0gs,delivered,21-03-2017 11:03,21-03-2017 11:03,28-03-2017 12:47,07-04-2017
cgMyKDbuomMt,4A1nimyUtrUc,delivered,15-08-2018 19:12,15-08-2018 19:25,24-08-2018 17:04,12-09-2018
FkANVps9FhLR,XX2dJ9DXoJxM,delivered,08-01-2018 16:02,09-01-2018 07:25,03-04-2018 17:38,19-03-2018
7Y0OW6ELHx3i,D4td8E6o42m6,delivered,05-06-2017 12:41,06-06-2017 13:23,19-06-2017 12:46,07-07-2017
HlW2kBbHE67m,BRLLIQSyAdJL,delivered,18-06-2017 09:58,18-06-2017 10:10,05-07-2017 16:05,11-07-2017
D1OV1U2a3Dd9,foSnpCEnGhUf,delivered,06-07-2017 11:24,06-07-2017 11:43,02-08-2017 15:37,09-08-2017
ZNBlTjWkNiMH,P6cZmNiSsPET,delivered,28-03-2018 18:02,28-03-2018 18:10,07-04-2018 17:45,11-04-2018
gHGTiMNfZcmq,ubqgVrx7Q6VP,delivered,25-11-2017 12:49,27-11-2017 12:55,27-12-2017 18:07,02-01-2018
Dy69GWcqgkqf,0N5XKb26IvYY,delivered,06-05-2017 15:43,06-05-2017 15:55,15-05-2017 08:45,12-06-2017
QwSOLcN5DDBN,zf5qacELJXoq,delivered,01-07-2018 14:01,05-07-2018 16:22,20-07-2018 17:11,27-07-2018
rlc5qsr3lw0i,lYUoEtPmJ3Ec,delivered,06-02-2018 13:31,07-02-2018 03:10,21-02-2018 01:12,12-03-2018
1bZN4leiyzZ4,bsKMNBf3TtKo,delivered,01-05-2018 18:06,01-05-2018 18:15,14-05-2018 23:40,05-06-2018
DUCbyz8Y4PXF,BQrXeVYPxqjC,delivered,01-08-2018 06:05,01-08-2018 06:15,13-08-2018 21:36,29-08-2018
vPxoToV6CRId,Gv4L7KQQIHYo,delivered,23-04-2018 22:15,24-04-2018 19:26,08-05-2018 21:42,18-05-2018
NTazQkCK4mha,zCLkW72kCLsN,delivered,19-01-2018 23:02,23-01-2018 03:39,26-01-2018 13:22,05-02-2018
TjF3h3fwXHmp,NPnOZtUOru3M,delivered,17-01-2018 13:42,18-01-2018 02:11,03-02-2018 12:27,07-02-2018
EqBP17oa5BoZ,u4hRRgVMxNTn,delivered,12-09-2017 17:47,15-09-2017 16:35,28-09-2017 19:13,05-10-2017
KPHhhqVaXYdi,tkakHcVpbwX6,delivered,15-03-2018 17:06,15-03-2018 17:15,26-03-2018 15:29,06-04-2018
gJgR2JBSDnis,4KLZy11ffOBh,delivered,23-03-2017 11:07,23-03-2017 11:07,04-04-2017 14:58,13-04-2017
331m4OTrDpnd,raO6T3ZRgYFO,delivered,10-05-2018 22:19,10-05-2018 22:35,17-05-2018 21:54,06-06-2018
9hcMqNyHVfL9,WIP8NXN0UPhn,delivered,31-08-2017 12:52,31-08-2017 13:05,08-09-2017 16:17,13-09-2017
Es4nrInds5z1,bjeelhNkZcyv,delivered,22-03-2018 23:02,23-03-2018 22:55,11-04-2018 19:22,10-04-2018
nwjBTosPuevD,ZVNvIsLUX7Ow,delivered,10-02-2018 23:14,11-02-2018 00:15,19-02-2018 23:59,14-03-2018
jarjuWpL85e5,WcVycaMeJ4gS,delivered,24-07-2018 15:47,26-07-2018 03:15,27-07-2018 17:58,01-08-2018
YktohNPMpWQU,kzwYrZU61Z4q,delivered,07-04-2018 09:08,07-04-2018 09:15,12-04-2018 20:58,25-04-2018
lajv1hDHncw5,G6MX3ES0McR8,delivered,07-05-2018 15:24,08-05-2018 03:55,18-05-2018 22:46,24-05-2018
cchlhN4a6RjF,mUpYzU9GRF4C,delivered,08-11-2017 16:44,08-11-2017 17:30,17-11-2017 20:11,01-12-2017
UmAkM11j0kiw,cQuboCzfXNZr,delivered,19-02-2018 20:52,19-02-2018 21:26,07-03-2018 02:08,13-03-2018
kRiuUpaRSRej,wzKCnrsGrhPT,delivered,01-12-2017 22:25,01-12-2017 22:34,20-12-2017 17:17,02-01-2018
LSUcOPGdyZYA,J12B3ZAghOYC,delivered,09-05-2017 11:39,10-05-2017 02:42,25-05-2017 14:37,08-06-2017
XGCdHW22bmYg,iVkQDCNUtDjj,delivered,28-06-2018 10:29,28-06-2018 10:50,05-07-2018 22:08,23-07-2018
7ggBH9rrPWbp,UE4JY3IxQWBi,delivered,03-01-2018 11:26,03-01-2018 11:34,08-01-2018 15:29,22-01-2018
lFU2gz4lUKB7,Ne3XkcBUVu8b,delivered,05-04-2018 23:18,05-04-2018 23:30,17-04-2018 00:11,15-05-2018
r3hALQT93EsB,4GshpMTgfphC,delivered,21-07-2018 18:20,21-07-2018 18:30,05-08-2018 17:06,14-08-2018
DliowlQV2yV8,MCJjhEvGihoi,delivered,26-11-2017 01:25,29-11-2017 02:20,06-01-2018 14:08,20-12-2017
VGnTuPH9ikhV,Qq0Ot1OJIGWr,delivered,03-03-2018 15:04,03-03-2018 15:15,14-03-2018 15:43,21-03-2018
BEzrXmUJ6jSb,JOfDxyqX9fkr,delivered,03-05-2018 16:25,05-05-2018 03:10,24-05-2018 15:35,29-05-2018
AJotPdRaKwyY,pl1k9l5U9S8e,delivered,07-06-2018 13:58,07-06-2018 14:20,13-06-2018 20:08,03-07-2018
6EBIqp1t8jl5,PSsOpTjyt9Wi,delivered,06-10-2016 08:58,06-10-2016 16:08,08-11-2016 13:08,28-11-2016
uLmOgKmOLOZ9,RIwtPliUhQqd,delivered,06-10-2017 08:32,06-10-2017 08:49,13-10-2017 16:09,30-10-2017
Nfrsb5Agsaby,krPjYIHB5zZO,delivered,03-10-2017 20:34,03-10-2017 20:50,08-10-2017 16:19,19-10-2017
8MaujlQxejKT,jKjvNEBa2aca,delivered,22-12-2017 12:13,22-12-2017 12:33,05-01-2018 22:20,12-01-2018
0wKwjdY1z51U,92M1ZSNwBu4x,delivered,26-06-2017 17:09,26-06-2017 17:23,28-06-2017 12:13,10-07-2017
8IWGm9dmvitQ,Sv2DgoaKSvpO,delivered,09-08-2017 21:42,10-08-2017 21:44,15-08-2017 21:44,22-08-2017
Uvm3eqrT5PNd,w6vMShfahXuV,delivered,11-12-2017 12:42,13-12-2017 02:39,08-01-2018 17:57,01-02-2018
JEVjyOfz3vRF,4dXpFDzeEjZN,delivered,03-06-2018 07:38,03-06-2018 07:55,05-06-2018 22:22,11-07-2018
aCYHSPFKCaJ5,8dkyClEJJOYa,delivered,19-02-2018 09:20,19-02-2018 09:47,29-03-2018 00:42,22-03-2018
iU5dRkT0UbRu,DdZ29jlHHmyY,delivered,29-05-2017 22:07,29-05-2017 22:22,06-06-2017 16:17,28-06-2017
JIjVStAX1OqF,YPU900q1t2YI,delivered,14-02-2018 16:38,14-02-2018 16:50,05-03-2018 15:08,13-03-2018
y0i7sJkjdEnZ,pHOHna6m77aV,delivered,02-08-2017 16:32,02-08-2017 16:45,08-08-2017 14:42,22-08-2017
JTeAJcOZLKTU,L02EQ9VH35mB,delivered,11-07-2017 22:27,12-07-2017 00:25,31-07-2017 17:26,10-08-2017
lle7tPix4LOq,sq0rbPHjliJf,delivered,27-09-2017 19:57,27-09-2017 20:07,06-10-2017 21:03,24-10-2017
URhgir8jvpA7,JQKGVe0QMCMH,delivered,04-08-2018 20:42,04-08-2018 20:55,09-08-2018 18:16,16-08-2018
sNzXLjJHimxW,BtHimucWMyxR,delivered,27-02-2018 03:41,27-02-2018 04:31,23-03-2018 19:52,28-03-2018
ZDuilm8eBY8K,SGhJNvVg9Xi0,delivered,07-08-2018 16:07,07-08-2018 16:15,16-08-2018 18:58,14-08-2018
AQvbQzBW9VJT,KYzOqTmXicFK,delivered,01-05-2018 20:34,01-05-2018 20:55,14-05-2018 17:47,28-05-2018
RQIsWBWnB9m5,v0LHJSIsjfmf,delivered,28-02-2018 17:33,28-02-2018 17:49,12-03-2018 12:05,21-03-2018
dq03LBuhzhir,ETxNSyUi9shg,delivered,17-01-2018 17:00,17-01-2018 17:15,02-02-2018 17:19,09-02-2018
C8hRwTzyYNIc,pYxdTfdytZ2g,delivered,01-06-2017 16:04,02-06-2017 10:55,19-06-2017 15:08,30-06-2017
yXSLbq8jJNLB,ynxUzbdIr3w3,delivered,29-01-2018 11:46,29-01-2018 12:11,04-02-2018 13:18,20-02-2018
geEz6xDLz5yY,lJEOyEyJeAQ3,delivered,15-08-2018 10:59,15-08-2018 11:24,21-08-2018 17:21,29-08-2018
C2sEixmhn3Bk,rxjKzexaNB9k,delivered,30-11-2017 10:59,30-11-2017 11:11,15-12-2017 19:36,27-12-2017
AICU9CQf9zNO,Hnvi7ZKd3ViY,delivered,25-06-2018 08:44,26-06-2018 05:37,02-07-2018 19:26,25-07-2018
MxHsuryS8LDA,E5gUJ12UZIcN,delivered,18-06-2018 16:45,18-06-2018 17:01,20-06-2018 20:26,28-06-2018
LB95k1HA7Zcz,Ms31JGlld0AB,delivered,28-02-2017 18:47,28-02-2017 19:19,15-03-2017 12:51,22-03-2017
uwY1Cm3kWeg9,qVQXahZZS0J5,delivered,09-03-2018 15:33,09-03-2018 15:55,06-04-2018 20:48,18-04-2018
FDCy2o1xPwo3,lT6im48NY8vz,delivered,20-02-2018 16:04,20-02-2018 16:28,15-03-2018 21:24,21-03-2018
8G2Uai1drYy5,q2FJe6vCRDrC,delivered,19-02-2018 12:10,19-02-2018 12:27,14-03-2018 12:17,05-04-2018
DgvTsaRmVUTl,XtOyBmJp0LUi,delivered,09-03-2017 21:01,09-03-2017 21:01,24-03-2017 11:05,30-03-2017
63ky5p0OERua,JpUSpyQNnUFU,delivered,01-08-2018 12:07,01-08-2018 13:04,07-08-2018 22:21,24-08-2018
701sy0G7mOQ4,x4edkJFvuVsU,delivered,24-11-2017 22:46,25-11-2017 01:52,04-12-2017 18:05,20-12-2017
zc2WqkEwtq8S,KWppLJ3KkTqt,delivered,22-06-2018 15:56,26-06-2018 07:13,11-07-2018 14:26,23-07-2018
PUH8liKD2nMy,hi55tQkf1YUb,delivered,23-04-2018 06:04,24-04-2018 17:14,07-05-2018 18:52,17-05-2018
3cjwQmNcyEID,GyvnEFzj1eSn,delivered,19-06-2018 16:16,19-06-2018 16:45,25-06-2018 15:17,13-07-2018
lLBlCuLkfwDu,8H9DOt7c6rdA,delivered,08-01-2018 11:48,08-01-2018 11:59,18-01-2018 20:08,05-02-2018
yVw8kpKnf4bl,gfqX2v3f4RPq,delivered,22-01-2018 21:17,24-01-2018 11:12,29-01-2018 12:58,06-02-2018
alOioG9itvvW,BW8Lo9R5OCBF,delivered,11-05-2018 16:15,11-05-2018 16:31,19-05-2018 15:03,11-06-2018
glzxn5Tdk8dr,juTccWeP0t36,delivered,13-07-2018 21:05,13-07-2018 21:24,26-07-2018 17:16,08-08-2018
1MkWBKhNk2G2,yZHCoK29gkLY,delivered,03-06-2018 22:26,03-06-2018 22:35,08-06-2018 20:54,28-06-2018
wdcmll8A2yGF,1ZcxU7AQGZ9F,delivered,02-06-2017 21:52,02-06-2017 22:05,19-06-2017 19:45,06-07-2017
xdijSPsTAPql,lhqcordf2lwr,delivered,28-04-2018 13:36,28-04-2018 13:50,04-05-2018 17:52,15-05-2018
NbQV5WtslDAS,yBkaZti5rtw3,delivered,23-08-2017 11:04,23-08-2017 11:15,24-08-2017 17:48,08-09-2017
ITKgY0urYeu7,uWLhlCUxUAvB,delivered,11-05-2018 16:10,11-05-2018 16:31,16-05-2018 14:08,24-05-2018
8ULwfJfKC6XD,HrmPH3YugHtK,delivered,15-05-2017 00:59,15-05-2017 01:10,18-05-2017 12:33,24-05-2017
AiP8lT0mFF7y,mrR5h0AEdYi6,delivered,23-08-2017 13:10,25-08-2017 02:50,04-09-2017 17:16,18-09-2017
lqrQCkYg3Y3o,ngktKR1wEcBm,delivered,14-06-2017 13:40,15-06-2017 03:10,22-06-2017 17:33,07-07-2017
CA4yQTJD2eiB,tiR8d0Kh5Jc6,shipped,23-04-2018 17:15,24-04-2018 19:10,,24-05-2018
UkX9eB4Ysi2J,fa3w4QbR495z,delivered,21-03-2018 20:18,21-03-2018 20:30,03-04-2018 18:48,11-04-2018
HuQIRVYlkITN,3p6GlBbXYyIE,delivered,01-02-2018 22:14,03-02-2018 02:52,09-02-2018 02:42,23-02-2018
5AsEcT7IYeA3,g3Zqo0PFbDqc,delivered,18-03-2018 20:26,18-03-2018 20:47,22-03-2018 22:18,29-03-2018
Q7ASsRpNrBxk,BDA2JVxE7ftl,delivered,21-11-2017 08:09,21-11-2017 08:19,09-12-2017 16:19,08-12-2017
Dycnfztussic,ydAOeYfFxXaF,delivered,04-01-2018 10:54,05-01-2018 10:47,16-01-2018 20:03,07-02-2018
sOiwCjCP0BHJ,T1Wpepr3o18t,delivered,23-08-2018 03:31,23-08-2018 03:45,27-08-2018 23:58,05-09-2018
ZcNIUEIyKw56,WVv4miDDo0eX,delivered,22-01-2018 14:29,22-01-2018 14:38,31-01-2018 23:22,16-02-2018
w8aXNo679Adb,bNeRqMLIiSra,delivered,15-11-2017 20:55,15-11-2017 21:10,21-11-2017 13:58,11-12-2017
0YFgarYz9KnD,4OtrRICCPJjt,delivered,17-05-2018 00:24,17-05-2018 00:35,21-05-2018 17:15,06-06-2018
GS7TlrcV9EiI,3V9lD01x1gJn,delivered,04-06-2018 22:46,04-06-2018 23:10,13-06-2018 20:08,16-07-2018
tbLoJTFmN51K,ra74PYXYSXiJ,delivered,17-07-2018 15:04,17-07-2018 15:21,19-07-2018 15:56,25-07-2018
41ESOI7q77l3,lFYmOcPHaoiu,delivered,18-10-2017 15:53,18-10-2017 16:07,21-10-2017 13:02,07-11-2017
oCxakpgwrvu5,v1l7AIjVmt79,delivered,22-11-2017 15:18,23-11-2017 02:47,27-11-2017 19:49,05-12-2017
FylcoNawsxyy,9sOKJY1Egnyx,delivered,12-09-2017 13:29,12-09-2017 13:50,20-09-2017 17:14,02-10-2017
uCLVoajqUFe1,iFx9nhKebrl7,delivered,19-06-2018 14:23,20-06-2018 11:43,28-06-2018 16:24,18-07-2018
OLLjAyjGntvG,KRONM1dA2lfQ,delivered,06-07-2018 18:17,07-07-2018 05:00,11-07-2018 14:15,19-07-2018
KJxxYx3EGV4B,tiLtxv9qmhyC,delivered,13-07-2018 09:11,13-07-2018 09:26,24-07-2018 23:04,16-08-2018
mFXys1P5pvQ5,8pUqAdsQsQDb,delivered,05-06-2018 19:00,05-06-2018 19:54,08-06-2018 17:36,19-07-2018
vXElUhy375Ae,CeEUh3SwQawM,delivered,23-12-2017 05:12,23-12-2017 05:29,12-01-2018 01:36,17-01-2018
xmcXAV3y0bzJ,jqeaDO2nRwyL,delivered,10-03-2017 17:33,10-03-2017 17:33,24-03-2017 11:12,05-04-2017
Ku21hqzA50fH,DpynHQ1oNPfb,delivered,20-07-2018 21:19,20-07-2018 21:30,16-08-2018 21:59,31-08-2018
x9dwFj4vKMRU,5vFPmIruPRJV,delivered,13-09-2017 08:38,14-09-2017 03:05,20-09-2017 14:34,10-10-2017
XLeQfRSnRNga,fGsOxoES4mx7,delivered,17-03-2017 15:57,17-03-2017 15:57,29-03-2017 12:03,07-04-2017
Mqoc2kiYI3XM,sS1MpZqBZKal,delivered,22-01-2018 21:53,23-01-2018 18:55,10-02-2018 19:08,06-02-2018
vqh6eg0BksBs,v0XDhQrmh7fF,delivered,12-04-2017 18:02,12-04-2017 18:15,20-04-2017 12:36,04-05-2017
9D8fitQjsM9C,bh2cF3JmJ2t9,delivered,03-08-2018 08:40,03-08-2018 08:55,13-08-2018 20:48,27-08-2018
xMn70jAErNfN,pxR8dmNDPHII,delivered,23-01-2017 13:31,23-01-2017 13:45,30-01-2017 15:12,28-02-2017
D9mE5Q90Nf0c,0dwG62wm5EXo,delivered,02-12-2017 21:08,02-12-2017 21:40,07-12-2017 14:03,27-12-2017
DsABekzFQyU4,1CTHWhRh08q8,delivered,30-05-2017 13:46,30-05-2017 13:55,19-06-2017 16:22,04-07-2017
dTAum02ChYzP,kg6PjPxXjsla,delivered,29-10-2017 12:41,29-10-2017 14:05,07-11-2017 22:12,24-11-2017
OM78YcahNs15,fHVbWHVvFvAg,delivered,17-04-2018 18:16,17-04-2018 18:32,30-04-2018 22:42,16-05-2018
v6e0KeIp6TR0,OQzGE68TCNmT,delivered,27-07-2018 05:30,27-07-2018 05:45,08-08-2018 16:08,15-08-2018
xyZOTBOGYS1h,1oRENXkJlZ0G,delivered,14-02-2017 23:38,14-02-2017 23:50,02-03-2017 09:51,17-03-2017
rfB6JCOObUDp,8X4EckRWNgrC,delivered,02-06-2017 12:37,02-06-2017 13:10,13-06-2017 17:29,27-06-2017
HWqnn5IXITK4,DWCmlJ4EG7eX,delivered,12-08-2018 12:57,12-08-2018 13:05,14-08-2018 19:11,20-08-2018
QsnXzn81euhJ,dZXNFWBztPxm,delivered,22-05-2017 08:50,22-05-2017 09:02,02-06-2017 14:56,22-06-2017
exOQg7m3Sv9n,N3XOyO3yG21M,delivered,13-02-2018 02:42,13-02-2018 02:55,26-02-2018 19:38,08-03-2018
RJT4YsFAk3ci,doLbnMg9cgdX,delivered,04-09-2017 10:56,05-09-2017 04:15,14-09-2017 17:46,29-09-2017
Ov4oeDoDBLDi,uriYakkXSNmi,delivered,27-06-2018 19:37,29-06-2018 02:53,04-07-2018 17:48,23-07-2018
5L43IjiSehHQ,XFiJljumZ7uq,delivered,02-03-2018 08:46,02-03-2018 08:56,13-03-2018 15:06,23-03-2018
bCnfj6xHCFOx,cLLRJbaB1mhj,delivered,07-03-2018 13:05,07-03-2018 13:15,19-03-2018 22:12,23-03-2018
6umanlRafhLf,oiZmh73uiGwS,delivered,05-12-2017 11:27,05-12-2017 11:34,14-12-2017 16:38,03-01-2018
cENYAJaIHNla,IgyJvK5gR6SR,delivered,10-10-2017 11:34,10-10-2017 14:35,17-10-2017 21:04,09-11-2017
cou5BOfG0Qsq,leBInh5r93HN,delivered,13-03-2018 10:15,13-03-2018 11:20,20-03-2018 10:05,05-04-2018
gkaWP7jDVzBF,0cEBYWKAAChg,delivered,23-04-2018 00:34,24-04-2018 17:43,24-04-2018 21:44,10-05-2018
BCY4SRQsss8K,xtxu1WMCyvol,delivered,08-05-2018 22:31,08-05-2018 22:54,15-05-2018 16:58,23-05-2018
7xlSrnNUzJ7d,vCkuMzqO4rmZ,delivered,12-10-2017 16:01,12-10-2017 16:14,27-10-2017 18:03,22-11-2017
R6ygz8evEigC,bwZy8EyKyv9S,delivered,13-03-2018 11:05,13-03-2018 11:30,04-04-2018 00:21,29-03-2018
ksrTAYeFnsV1,Y9DZ5DNyxciy,delivered,11-01-2018 15:30,11-01-2018 15:47,17-01-2018 18:42,02-02-2018
pOql8iFBh4Iw,qxtN5VZfpUq3,delivered,29-03-2017 12:27,29-03-2017 21:22,05-04-2017 14:00,18-04-2017
FIaJsapwoV1R,C3kJ70a7fjuS,delivered,24-07-2018 15:07,25-07-2018 15:04,30-07-2018 16:18,14-08-2018
Vur5MhhCt0x1,0IPkaXGxHl5E,delivered,06-06-2017 14:01,07-06-2017 02:50,08-06-2017 13:37,20-06-2017
sVWyv0xiWehd,rgTkHUdooQPh,delivered,16-02-2018 11:15,16-02-2018 11:30,08-03-2018 17:04,15-03-2018
p3rNQye3irvJ,RJBqpyAkOebP,delivered,25-11-2017 18:26,25-11-2017 18:36,05-12-2017 18:38,19-12-2017
ym7urKvj9pte,8ezHf93Uw3G7,delivered,06-03-2017 21:15,06-03-2017 21:25,28-03-2017 13:20,30-03-2017
1qhHdCUhXB8J,Hw7J9UEM7dXT,delivered,05-05-2017 20:59,05-05-2017 21:10,11-05-2017 08:24,30-05-2017
FH9eB1V2z40G,PJpmhdRKHSg5,delivered,14-05-2018 16:37,14-05-2018 16:53,25-05-2018 20:52,07-06-2018
9HXMZnutBe9j,UaLWJGLgQC3f,delivered,02-11-2017 14:26,02-11-2017 14:46,07-11-2017 19:36,23-11-2017
eu4dd2aRYj3o,5MyD7VKiGpIv,delivered,17-05-2018 21:53,18-05-2018 04:35,01-06-2018 22:28,06-06-2018
bOKzcUZD83Dq,9fjwetymLYMt,delivered,29-05-2017 16:23,29-05-2017 16:30,05-06-2017 11:52,19-06-2017
f0NtxnekM0Md,1fJkF55M3PPZ,delivered,16-11-2017 16:20,16-11-2017 16:35,23-11-2017 22:58,29-11-2017
fbxwlTI9qHcB,PiJQSSWWQHbm,delivered,30-06-2018 12:14,05-07-2018 16:27,11-07-2018 14:52,01-08-2018
VTzLEGJjpqPL,iXz5d6LpMj4Y,delivered,17-12-2017 19:14,19-12-2017 09:51,26-12-2017 17:07,18-01-2018
fjJY9zCsuFDi,CFrkanFG5hxx,delivered,27-08-2017 18:28,27-08-2017 18:35,01-09-2017 18:03,18-09-2017
cDMJrGrrOoYt,wBra6P86wElz,delivered,09-08-2018 00:06,09-08-2018 00:15,15-08-2018 18:21,23-08-2018
u2LLRVu0NJ5j,KBOMyZ6VTKz3,delivered,31-05-2017 11:38,02-06-2017 04:33,09-06-2017 13:35,27-06-2017
khb18hvvVBQJ,zIuFaia96Pe8,delivered,24-01-2018 10:47,24-01-2018 11:12,13-03-2018 13:24,28-03-2018
XIxJ9bWwBB9H,TTzoSo8JSsaL,delivered,12-04-2018 07:53,13-04-2018 02:31,18-04-2018 19:38,09-05-2018
QV7X4FVpuyAr,OYQsIqnpDCaS,delivered,06-08-2018 22:54,07-08-2018 22:50,16-08-2018 21:11,17-08-2018
r2pGiTPyVUb8,TKqDg6UoaInj,delivered,18-07-2017 16:50,19-07-2017 07:25,28-07-2017 17:09,09-08-2017
019iNT2eSEYM,bCMOZAGYGOWt,delivered,30-12-2017 11:37,30-12-2017 11:48,18-01-2018 12:18,02-02-2018
qg4W0HLyulXG,UhCrOwInZQlf,delivered,13-04-2018 10:09,17-04-2018 05:50,23-04-2018 23:22,08-05-2018
fmlplnDdZ8Oz,U109zXgPrpe7,delivered,12-08-2018 11:55,12-08-2018 12:05,18-08-2018 12:32,31-08-2018
2ey2s9qe4Wiu,LFkJg38YqEDZ,delivered,12-05-2017 16:32,12-05-2017 16:42,24-05-2017 09:19,20-06-2017
sye2YNO5Uu6J,wFK1Lopl99Ne,delivered,18-05-2018 16:44,22-05-2018 07:55,01-06-2018 21:09,04-06-2018
7J51qVGXlaSG,VcipCglKV2o4,delivered,27-11-2017 14:39,27-11-2017 15:03,21-12-2017 21:33,20-12-2017
yHgXRJyvsYXX,OZwDTHk8UM6T,delivered,08-03-2018 22:19,09-03-2018 00:54,26-03-2018 15:06,29-03-2018
5rg741FpkxIr,gQdWOmsfecTO,delivered,17-07-2017 18:44,18-07-2017 05:55,24-07-2017 22:03,10-08-2017
9k5vXTwWOOaC,aD1XMSmFY1vY,delivered,28-03-2018 22:53,28-03-2018 23:07,04-04-2018 23:44,10-04-2018
EfVZi44dhjyG,uSCevHJlrO8i,delivered,03-04-2017 12:24,03-04-2017 12:35,17-04-2017 11:48,03-05-2017
no1GZs08Zd41,wY6AtOwM7wGD,delivered,11-08-2018 16:02,11-08-2018 16:40,24-08-2018 17:18,10-09-2018
ZXgbr47zue5Z,yoriLjir2D3d,shipped,24-08-2017 12:23,24-08-2017 12:30,,06-09-2017
QMdfpILdzGOX,Xut3FvRmZXLN,delivered,07-06-2018 22:32,07-06-2018 22:55,18-06-2018 14:31,17-07-2018
0GUEzCRZw8RQ,3zq9ANqpHGHe,delivered,18-04-2018 08:54,18-04-2018 09:12,26-04-2018 16:48,10-05-2018
TQc1grf246nI,z89ozaKkDtmV,delivered,19-07-2018 14:00,20-07-2018 05:05,26-07-2018 16:28,06-08-2018
Cx0IO6wIeU62,O1hfvrqNcNCL,delivered,11-09-2017 14:20,11-09-2017 14:35,21-09-2017 18:07,02-10-2017
gtrzn1LyN7dM,mEDt9a4BBKAe,delivered,31-03-2017 10:53,04-04-2017 06:05,14-06-2017 13:06,04-05-2017
sV3bmdLLSYEp,ZlqRS91Sx3AW,delivered,03-11-2017 00:44,03-11-2017 01:26,21-11-2017 18:22,27-11-2017
G0fNhWSqsZb7,NfUJUoFeIoIR,delivered,13-07-2018 12:01,13-07-2018 12:10,23-07-2018 21:59,01-08-2018
WXcoK0OVv8In,lRq4L8YCPlRH,delivered,05-03-2018 18:12,05-03-2018 18:31,03-04-2018 20:54,21-03-2018
vDymA3CI1pDJ,P0Z8DjVJj18E,delivered,17-05-2017 15:44,17-05-2017 16:15,25-05-2017 09:16,08-06-2017
KUNxbxkfA1nj,hHNn2jitgakw,delivered,13-12-2017 17:49,13-12-2017 17:59,03-01-2018 22:44,23-01-2018
IHXVkQvfAsMA,AjA643YSt4QM,delivered,17-11-2017 22:12,17-11-2017 22:26,23-11-2017 23:09,30-11-2017
9UCJ8BRjEgot,f1VBybG7mc8B,delivered,02-08-2018 20:29,02-08-2018 20:44,15-08-2018 22:53,27-08-2018
Q3YibHwyBHh7,OihNvx7IAT4w,delivered,26-04-2018 18:07,26-04-2018 18:31,02-05-2018 16:42,11-05-2018
BnY8FrzUAhTn,SopWM0hfN6qC,delivered,19-12-2017 20:18,19-12-2017 21:18,28-12-2017 18:19,16-01-2018
Chxh5OmnkkhE,xmJscz0hC9vj,delivered,27-02-2018 19:33,27-02-2018 20:09,20-03-2018 17:56,29-03-2018
TymnnOhZXawd,kjxp6KAhtIrb,delivered,09-08-2018 12:13,09-08-2018 14:30,23-08-2018 17:51,19-09-2018
dIsCKnUfDcpC,ruWpsuNc4lhp,delivered,17-01-2017 19:55,18-01-2017 02:10,25-01-2017 13:52,27-02-2017
E3BBgIXmGWal,3D0cJDQIYfnY,delivered,07-06-2017 12:05,09-06-2017 16:15,22-06-2017 16:04,28-06-2017
C5GkkTqFN4Hr,tqQeBCozqW9g,delivered,15-03-2018 15:56,15-03-2018 16:11,28-03-2018 19:14,05-04-2018
1ZvUvh9sKC3s,9OTVLUcI3AW4,delivered,21-06-2018 19:42,21-06-2018 19:58,27-06-2018 12:30,12-07-2018
pWRjBubXBYdq,IgFTw1gGD2PM,delivered,21-02-2017 23:31,23-02-2017 02:35,19-09-2017 14:36,22-03-2017
THdX6i25GCJd,PhLqU5Zzqrc4,delivered,12-01-2018 14:28,12-01-2018 14:36,19-01-2018 20:53,31-01-2018
2bK5G1aq5MJc,AskeGgEhJilz,delivered,25-06-2018 11:31,25-06-2018 11:57,11-07-2018 18:27,23-07-2018
IXlbB5X0g6bK,olMfe4iTUkGW,delivered,19-03-2018 21:17,19-03-2018 21:30,07-04-2018 10:03,10-04-2018
e0k10KUl0ufv,OHVueTfeofEz,delivered,04-12-2017 22:50,06-12-2017 22:49,23-12-2017 11:49,05-01-2018
vPV8OMoC51eh,9qJlHyw6biJC,shipped,24-05-2018 13:19,25-05-2018 18:58,,26-06-2018
k7u4RM3C6ESy,9HC2BqZ8O7Gy,delivered,24-07-2018 10:04,24-07-2018 11:24,02-08-2018 19:51,28-08-2018
DspisZtbLCH0,VJKW5atVoMtb,delivered,11-12-2017 16:30,11-12-2017 16:39,02-01-2018 20:12,12-01-2018
zKT26fKT4P90,GMz9WKA2YsqR,delivered,15-08-2018 22:13,16-08-2018 22:10,28-08-2018 22:48,14-09-2018
h0wSbgpaRTpU,6yACOjTbPbC3,delivered,16-01-2017 23:25,16-01-2017 23:35,23-01-2017 14:13,28-02-2017
SzNUGbFZDxaq,hSuXHICxtGvr,delivered,06-09-2017 18:36,06-09-2017 18:50,14-09-2017 19:38,26-09-2017
Ay4kOOtGGyYh,UUnWaaODdN1g,delivered,09-03-2018 10:24,09-03-2018 11:30,13-04-2018 00:08,06-04-2018
1pmrI7xypD8L,gjhOKZD0F5iO,delivered,09-02-2018 07:25,16-02-2018 07:50,20-03-2018 09:48,06-03-2018
zSyk19rBT584,YO4u5XyXFWQs,delivered,03-05-2018 06:41,03-05-2018 07:23,10-05-2018 18:04,28-05-2018
jbaRwWAw6rZ6,8BABx62jJ0n3,delivered,13-12-2017 16:27,13-12-2017 16:38,18-12-2017 21:10,02-01-2018
9gez7iVvh2oX,N9NZZLorNdyE,delivered,15-06-2018 15:41,15-06-2018 16:19,22-06-2018 18:09,18-07-2018
4XWA1rachUdJ,VQ0Pkm1zSRFF,delivered,03-05-2017 21:12,05-05-2017 02:23,16-05-2017 15:44,26-05-2017
eyuM8iHAWRxi,7YqEuWtb6F0G,delivered,14-10-2017 14:40,14-10-2017 14:56,20-10-2017 21:56,01-11-2017
5mcR9y7YNybJ,A045cjRRI0Kv,delivered,07-05-2018 20:27,07-05-2018 20:51,11-05-2018 23:47,17-05-2018
c5DmDr7kqedy,2WeRLpDdPyqu,delivered,13-12-2017 11:08,13-12-2017 11:30,16-12-2017 14:21,02-01-2018
uhB6rdTAR0wx,FlKjGbZk7ZYr,delivered,02-06-2017 21:39,02-06-2017 21:55,16-06-2017 13:43,16-06-2017
4EHBweGbQglj,MLaGQ4tVPTpk,delivered,20-06-2018 15:05,20-06-2018 15:19,25-06-2018 17:36,16-07-2018
pgnfFcOqhJXi,quvutbefzFWu,delivered,28-05-2018 18:16,28-05-2018 18:36,14-06-2018 00:19,16-07-2018
2cpMWJDLf8YU,pQ3sUmtk40Zy,delivered,15-05-2018 16:10,15-05-2018 16:35,17-05-2018 14:51,01-06-2018
khzxhBmvAaVD,hED94wRtFlYA,delivered,05-07-2017 07:54,05-07-2017 17:38,12-07-2017 17:53,27-07-2017
KtF2SNhs2cf4,WGRkXTEm8Xj5,delivered,21-06-2018 22:19,21-06-2018 22:38,27-06-2018 17:08,17-07-2018
nMw7sLGXVk83,d1UPmBLHWh6G,delivered,05-07-2018 14:15,05-07-2018 16:30,25-07-2018 13:58,07-08-2018
vBQ4cXHIcKcu,5wASJanXd9Zn,delivered,13-02-2018 14:35,13-02-2018 15:07,23-02-2018 20:43,08-03-2018
wLmSeX7aRYYJ,45W1h821N0nl,delivered,26-11-2017 20:13,28-11-2017 20:15,04-12-2017 12:18,22-12-2017
o35Byv2l3Rnw,lsZGJmS41mCu,delivered,29-11-2017 20:47,29-11-2017 21:17,11-12-2017 16:16,21-12-2017
CAI1SLL46Z3S,1W6oeCzdIONu,delivered,25-07-2017 15:38,26-07-2017 02:15,04-08-2017 19:26,16-08-2017
t9bHdOVkt5ge,W7XpQ5aqzrip,delivered,26-05-2018 18:25,26-05-2018 18:35,30-05-2018 17:42,28-06-2018
qDs2n4z4qyXF,P8TetD0XWQus,delivered,14-04-2018 16:48,14-04-2018 17:10,18-04-2018 19:03,03-05-2018
JtVWrzxaXSvF,eYPiYmHZQccA,delivered,26-02-2018 21:10,26-02-2018 21:28,13-03-2018 22:57,20-03-2018
LZdw0vc9dWg4,7KjdZT0PG0Ks,delivered,10-12-2017 16:02,12-12-2017 15:58,18-12-2017 17:35,09-01-2018
O98K4xug8qJC,L0o9iw9y5MlU,delivered,24-08-2017 21:54,24-08-2017 22:24,04-09-2017 20:21,02-10-2017
P6EyxUbVuDxu,cFrGmXyMPF9R,delivered,22-05-2018 09:35,23-05-2018 02:38,04-06-2018 17:48,08-06-2018
7TzFiThWRT3F,qKwKHRKPGiZj,delivered,06-08-2018 13:32,08-08-2018 04:35,15-08-2018 18:26,22-08-2018
IrjuTSdjvAC0,kilBkiCdUnem,delivered,18-02-2017 12:23,19-02-2017 12:31,16-03-2017 08:50,05-04-2017
u8Vs4HbfsBsU,yQgunhiaufL9,delivered,07-12-2017 22:25,07-12-2017 22:36,19-12-2017 02:07,02-01-2018
1zwH6TRwI9OA,FR2elKVnKHld,delivered,12-11-2017 17:50,12-11-2017 18:07,30-11-2017 23:44,08-12-2017
9D4Zsr6cbIeF,1fZWh4UiysC5,delivered,28-05-2017 14:55,29-05-2017 15:02,12-06-2017 17:22,05-07-2017
IlaRuhBcYyUK,YpE0AtdbuQ1S,delivered,11-03-2018 22:52,11-03-2018 23:06,02-04-2018 14:59,29-03-2018
y65ykimdAgTa,dxvXuP8LISdi,delivered,26-02-2017 20:47,02-03-2017 04:02,09-03-2017 14:24,22-03-2017
2piKXUH7jRJr,G4ZM9Ac8Qbm6,delivered,04-09-2017 16:39,04-09-2017 17:15,20-09-2017 19:48,26-09-2017
Br3BxsV4ddNl,chXzj02yc00n,delivered,03-08-2018 21:46,07-08-2018 04:31,14-08-2018 19:21,20-08-2018
0rRPuLQbEGKO,a84zfPtNB996,delivered,24-11-2017 14:40,24-11-2017 16:37,12-12-2017 22:32,11-12-2017
ZXMc7s24B1Ju,IU4TvlloI5MV,delivered,19-05-2018 21:59,22-05-2018 09:14,08-06-2018 18:52,08-06-2018
C8CLWr03d0Zs,YmiS5Nxba7K8,delivered,14-02-2018 20:48,14-02-2018 21:07,27-02-2018 13:35,06-03-2018
ftwEOwGaPnU7,7ofQy5P5ZfTe,delivered,29-07-2018 16:19,01-08-2018 16:31,08-08-2018 00:42,08-08-2018
msfBKI1i1qIy,mbaTkec0ICIO,delivered,27-04-2018 21:26,27-04-2018 21:52,09-05-2018 10:28,28-05-2018
Z2e0SmF3ahfn,rQm57IXSie35,delivered,04-10-2017 14:43,04-10-2017 14:56,18-10-2017 18:47,01-11-2017
U70FtfI99YUe,mYpv36kYJ9jc,delivered,22-01-2018 11:18,23-01-2018 03:37,16-02-2018 18:23,14-02-2018
AstXHRBYewOu,jlWd6NeMqw1j,delivered,20-06-2018 13:25,20-06-2018 13:38,27-06-2018 20:33,18-07-2018
kLIebBiLEUNc,3y2edxqfHTbr,delivered,23-04-2017 20:30,25-04-2017 06:35,03-05-2017 13:26,17-05-2017
9iYWG3mFM2N3,rrZedImywQMG,delivered,14-02-2018 16:34,21-02-2018 12:28,28-02-2018 20:09,09-03-2018
iK8RnQqVj3tm,0RuElIt5nlY9,delivered,26-02-2018 14:06,26-02-2018 14:29,07-03-2018 14:18,19-03-2018
Df8FWpOGyLxV,DTjNrt0tmpIf,delivered,01-05-2018 11:00,03-05-2018 04:15,15-05-2018 21:52,28-05-2018
KbYWBhtuLZdQ,mUGCSHLNGBpC,delivered,29-03-2018 18:54,29-03-2018 19:08,27-04-2018 20:48,26-04-2018
Aw2Z8BvP28ns,BROM4JHv5Kjz,delivered,06-11-2017 15:11,06-11-2017 20:41,16-11-2017 20:38,28-11-2017
lyJAZOUEuqC8,D7fi76Tmbop1,delivered,20-04-2018 19:57,24-04-2018 19:24,02-05-2018 18:48,24-05-2018
LoOJhQXJfkbg,cWWVTzyGIZ0g,delivered,15-05-2017 19:58,15-05-2017 20:10,18-05-2017 11:06,30-05-2017
EXRcqhCEbk2u,uGn81rIzM78b,delivered,04-07-2018 14:42,05-07-2018 16:35,07-07-2018 12:42,18-07-2018
Uhj5QQRSGI2V,ijVbcdYmK996,delivered,02-02-2018 12:26,02-02-2018 13:31,08-02-2018 12:34,20-02-2018
M2mNnJ1YbWwa,n46AKx3MlsyS,delivered,21-03-2017 09:21,21-03-2017 09:21,27-03-2017 13:56,11-04-2017
R3nR7MAIFJp8,LaGBMNe3W1ij,delivered,17-12-2017 10:50,17-12-2017 11:14,21-12-2017 17:39,05-01-2018
KTnCUKzElL2h,RjVmrC4IIKZE,delivered,12-08-2017 18:48,12-08-2017 19:03,18-08-2017 17:10,25-08-2017
QgXLbqtRIYJc,4uhvikC4XLsm,delivered,15-05-2018 18:25,15-05-2018 18:59,17-05-2018 21:18,23-05-2018
ct5kDFx3lQwo,iUxcpfo25UNY,delivered,08-06-2018 16:44,08-06-2018 20:32,26-06-2018 18:46,05-07-2018
iS3MCokjSdae,D3tr8r1xH2Kg,delivered,01-06-2017 13:28,03-06-2017 02:22,12-06-2017 13:47,26-06-2017
0LHWQwuXbRXM,Np6X4JLmDMET,delivered,28-11-2017 08:48,01-12-2017 18:10,13-12-2017 19:59,22-12-2017
7Wp9ZHNwKOcs,nWgraqerDA8e,delivered,19-01-2018 17:30,19-01-2018 17:50,14-02-2018 15:17,16-02-2018
VrZquU1IPXyA,l2laOBQi5HmP,delivered,20-04-2018 11:51,24-04-2018 17:22,26-04-2018 13:10,21-05-2018
LKXwv3Th5J7R,qlQX6HkI03Fz,delivered,16-09-2017 20:27,19-09-2017 03:38,29-09-2017 20:57,06-10-2017
WeNRCvq1T7vL,6o3ym7SUIfqQ,delivered,08-01-2018 10:50,09-01-2018 07:18,19-01-2018 17:49,07-02-2018
ExFC9Tp3wrVv,TD2FsG6iCiKK,delivered,23-04-2018 21:25,24-04-2018 18:24,11-05-2018 11:39,24-05-2018
jOjAlaMd4Bxa,IdHvttL2ATIt,delivered,22-05-2017 19:44,22-05-2017 19:55,24-05-2017 14:10,09-06-2017
U825liYb4bEP,AMfT52NUc0BW,delivered,15-01-2018 13:34,15-01-2018 13:49,24-01-2018 00:28,08-02-2018
e9m4BNOomAdS,Plo76L5oxsqg,shipped,15-05-2017 23:30,15-05-2017 23:42,,26-05-2017
IqoKa8JhJv71,iYRUXJkfLFp8,delivered,15-02-2018 15:44,15-02-2018 15:55,22-02-2018 20:23,08-03-2018
bsmzn44t3VC8,8j3BA6qiEdzA,delivered,25-01-2018 19:36,25-01-2018 19:52,02-02-2018 16:32,22-02-2018
hIMwqW3ftMfO,sUAKsXIVVImd,delivered,05-08-2018 14:07,05-08-2018 14:24,09-08-2018 18:51,15-08-2018
TB8dn1RMb1Iu,jVY2Bx1usXlO,delivered,04-07-2017 21:57,05-07-2017 17:38,17-07-2017 17:59,17-07-2017
7ci7P8HvMMs7,KLqB20cVVdrB,delivered,25-01-2018 09:46,27-01-2018 02:42,15-02-2018 16:32,14-03-2018
uJavi09HBk2M,V8r7bSG1Q9F4,delivered,12-02-2018 12:51,12-02-2018 13:08,15-02-2018 15:45,01-03-2018
n6dwwBlgVTuA,tDICdGGZ8J7V,delivered,20-01-2018 14:24,20-02-2018 11:51,02-03-2018 22:37,23-02-2018
yfclthifmTs0,nTHSQ2uDJRWn,delivered,12-02-2018 11:32,12-02-2018 11:48,19-02-2018 15:05,07-03-2018
0oHwt9b30CGn,MYXsfh8ql7G6,delivered,11-04-2017 01:53,11-04-2017 13:30,13-04-2017 13:16,03-05-2017
1tkPSB2tm3t2,FznHkz9aboY9,delivered,29-05-2017 22:01,30-05-2017 22:05,16-06-2017 17:32,23-06-2017
oopvBupCO1Le,4XHLPx0rwBNV,delivered,29-05-2017 15:28,29-05-2017 15:35,05-06-2017 13:17,19-06-2017
4VJ7J1V9dr24,DJd02UOYpLYO,delivered,18-06-2018 15:51,18-06-2018 16:40,25-06-2018 14:05,20-07-2018
Zew6B3QoUfi9,nV0JCMMQeJVA,delivered,28-07-2018 18:11,28-07-2018 18:25,31-07-2018 17:11,06-08-2018
ckXdHlUPbzjN,V6lGV0rRFaiS,delivered,01-03-2018 11:55,01-03-2018 12:10,11-04-2018 20:46,20-03-2018
UqJUVQfXvMIC,rIoO1EaEu1QK,delivered,13-12-2017 17:43,13-12-2017 17:52,18-12-2017 19:48,08-01-2018
iqU2tyMIOyi9,BbSZuxpSIImX,delivered,24-07-2018 02:10,25-07-2018 02:35,30-07-2018 17:50,08-08-2018
DmHPGG2KKJIt,gDMS9WqirVW5,delivered,24-03-2018 16:14,25-03-2018 16:10,02-04-2018 15:28,13-04-2018
8XDAlb8IQfhD,lPx91NtRQIN9,delivered,10-12-2017 18:17,10-12-2017 18:29,18-12-2017 20:55,05-01-2018
uLRXIHs701fv,exf8fZGIpjaw,delivered,03-06-2018 00:42,03-06-2018 00:55,11-06-2018 11:12,12-07-2018
LdTyR77hBNGz,Zh6zurqrjKLE,delivered,03-11-2017 12:01,03-11-2017 12:10,13-11-2017 20:51,29-11-2017
d8M30xNSzJX9,Rbk2Wd5keqY2,delivered,23-02-2018 08:12,23-02-2018 08:28,05-03-2018 23:22,20-03-2018
HYNAXgd1ufhl,i2jskDG3gKs0,delivered,06-08-2018 09:18,06-08-2018 09:35,14-08-2018 18:56,23-08-2018
M3YhJss5VxJA,2Wzq7dBPdMSR,delivered,13-07-2018 13:55,17-07-2018 07:31,26-07-2018 15:03,08-08-2018
nVOd8unSYt5x,BvXcMOv4wnC7,delivered,09-07-2018 15:40,11-07-2018 08:25,01-08-2018 19:33,26-07-2018
UrZlJN0G0U9W,m7pUFaiCOVx0,delivered,01-03-2018 17:43,01-03-2018 17:55,22-03-2018 22:58,08-05-2018
qF714o5ei2QA,9vsyb2hP4Vmk,delivered,06-02-2018 09:16,06-02-2018 09:30,08-02-2018 22:18,22-02-2018
gt6vQRWQPSQr,HQyrTqKIsGu9,delivered,19-02-2018 11:20,21-02-2018 06:20,01-03-2018 12:29,16-03-2018
IGmh8Iw19DCw,VHLgmai08Ssr,delivered,02-11-2017 17:44,02-11-2017 18:05,13-11-2017 20:14,16-11-2017
X8UCCPb5ygTK,3Izfga5ixnD0,delivered,09-02-2017 14:00,09-02-2017 14:10,02-03-2017 09:14,15-03-2017
jtZvMYq9xR0Z,piK1IBUb2w7e,delivered,25-05-2017 18:40,27-05-2017 02:45,06-06-2017 16:37,19-06-2017
TbUAeZfOAezJ,O96lzXzw6AYg,delivered,24-11-2017 13:43,26-11-2017 13:35,08-12-2017 15:41,08-12-2017
OxOrS3XGMQnf,hH48UIriohDm,delivered,29-11-2017 17:43,29-11-2017 18:30,14-12-2017 17:03,26-12-2017
rBz0njcMajiT,R8AdY9gHExeR,delivered,24-11-2017 17:14,28-11-2017 03:32,15-12-2017 18:32,18-12-2017
sRSlDVv6OJ0n,MTBUBxEwy7WS,delivered,30-05-2018 10:44,30-05-2018 10:56,13-06-2018 18:48,13-07-2018
HrlLFWB2kEfd,xcTyK1CurrMv,delivered,24-05-2017 11:02,25-05-2017 10:50,30-05-2017 12:37,06-06-2017
4SLycZ3VQEMO,OI0BjDDtVtIH,delivered,11-06-2017 18:08,13-06-2017 04:10,26-06-2017 14:59,13-07-2017
i8oM1FedPD2K,6GD4f3cDpyLY,delivered,24-01-2018 10:45,24-01-2018 10:57,29-01-2018 19:26,16-02-2018
fjsJK8u5ITRy,or7McZuf6bad,delivered,08-06-2018 00:37,08-06-2018 00:56,11-06-2018 20:22,26-06-2018
wj8nQ2Fzid5y,5Bfdau9Ng2SC,delivered,24-03-2018 11:59,24-03-2018 12:15,29-03-2018 21:57,12-04-2018
bJE8PIho24gk,Bj73BYx765hp,delivered,19-03-2018 23:06,19-03-2018 23:28,22-03-2018 22:58,04-04-2018
I4xScLeSHP4Y,0frmdrHOOkpE,delivered,08-05-2018 14:33,10-05-2018 02:57,17-05-2018 16:38,28-05-2018
QV5kaobvmqtR,AZOKGovSFuch,delivered,27-01-2018 21:20,30-01-2018 04:31,31-01-2018 18:38,19-02-2018
9OBFk3mQyTnP,oXmuZdAyA8G7,delivered,06-01-2018 14:07,06-01-2018 14:17,10-01-2018 14:53,24-01-2018
6p2Di1yaKWWr,OaoBwWfre1Je,delivered,29-11-2017 15:28,29-11-2017 15:43,18-12-2017 14:13,27-12-2017
sfxlElxBrIH3,j4lwd80WBi6o,delivered,03-12-2017 14:11,05-12-2017 09:55,20-12-2017 19:29,27-12-2017
iqs3OdZOhePp,axqtuF8VZwCU,delivered,20-09-2017 17:41,20-09-2017 17:50,02-10-2017 19:10,17-10-2017
V747bx9caKcn,zl1rldPO8Tue,delivered,18-05-2017 20:51,18-05-2017 21:02,02-06-2017 11:26,09-06-2017
sv0oMoOhOnqW,3umDFH9EDf7y,delivered,19-08-2017 13:04,19-08-2017 13:25,25-08-2017 17:03,19-09-2017
Ri4D5Pd1fWXz,gXzYjpmmXEOV,delivered,14-01-2018 09:39,16-01-2018 14:11,30-01-2018 22:04,16-02-2018
62p8KGgEJKqx,NkBJFguQY21p,delivered,14-07-2017 10:56,18-07-2017 06:03,31-07-2017 21:33,09-08-2017
Br6VatR1BG0y,VlMSAPfwHIgq,delivered,23-04-2017 12:45,25-04-2017 08:15,06-05-2017 10:55,12-05-2017
qg8KhWZF3z5A,7GKrtIhadGvv,delivered,15-11-2017 18:06,15-11-2017 18:27,24-11-2017 11:26,05-12-2017
4p5h8fbioJIX,467SrD9hcOut,delivered,29-09-2017 01:04,29-09-2017 01:24,13-10-2017 21:07,25-10-2017
oTo9v1g6qCDt,kQgl9nKDSSyS,processing,04-05-2017 16:44,04-05-2017 16:55,,06-06-2017
sCyPllk1ZpBM,sMJD1Gi4E0Q0,delivered,20-03-2018 08:59,21-03-2018 02:51,29-03-2018 02:33,02-04-2018
KDzHSkuInYO3,ZeWE76XQcZXz,delivered,05-06-2017 13:23,05-06-2017 13:30,12-06-2017 14:09,30-06-2017
kA0HnPtLmhDF,jzXpbH2ral60,delivered,30-08-2017 11:00,31-08-2017 04:31,01-09-2017 21:26,20-09-2017
Ud4afhCnYRrp,f4gW4Suy0oEl,delivered,19-04-2018 11:59,19-04-2018 12:14,23-04-2018 21:56,08-05-2018
mGyQLBRDCLPp,piw3Qfq6aCQq,delivered,16-02-2018 17:59,16-02-2018 18:10,14-03-2018 16:58,27-03-2018
T9GwXy4K63al,2WUGUOucqK8g,delivered,04-04-2018 14:36,04-04-2018 14:50,16-04-2018 17:07,26-04-2018
GfUtNjRsJtQV,anuDkTiQVNpA,shipped,08-12-2017 06:40,08-12-2017 07:11,,27-12-2017
mB7BTGVlOrJ7,LTHL9TW2RrAC,delivered,19-03-2018 11:21,21-03-2018 02:56,22-03-2018 21:50,29-03-2018
2YyOuESxNr2G,kgjfsEJ6GId5,delivered,24-11-2017 13:01,25-11-2017 03:33,30-11-2017 17:15,15-12-2017
L9SdJmy8vizU,d4Vi7ZGQFRHw,delivered,26-07-2018 22:20,26-07-2018 22:30,28-07-2018 11:20,07-08-2018
RfGwcLkX4twh,JqAtKvUZQzi0,delivered,24-07-2018 18:31,24-07-2018 18:44,06-08-2018 17:52,29-08-2018
InJp9j3p3UfK,wq5Z7qwfgdCL,delivered,27-05-2017 11:12,27-05-2017 11:22,01-06-2017 12:27,19-06-2017
4Vil4wCz3hL3,NeJA6GvVPoWM,delivered,01-05-2018 10:57,01-05-2018 11:17,11-05-2018 14:16,25-05-2018
erR2l1480HBU,pXiSk1ugI5Dw,delivered,15-04-2018 18:11,15-04-2018 18:31,14-05-2018 19:18,22-05-2018
vlgL7SEYdAGJ,fDwrN4stY2KC,delivered,12-06-2018 11:56,12-06-2018 12:43,12-07-2018 18:58,05-07-2018
kMmZqP3SMUrl,q7kd2DiXaMYN,delivered,09-07-2017 11:36,09-07-2017 11:50,14-07-2017 19:29,28-07-2017
A5QOUnqpIPNA,sdeQj4vNkMDo,delivered,18-03-2018 16:30,18-03-2018 16:40,21-03-2018 18:16,29-03-2018
8MVjxBFCkjl8,4kOR22c6efaf,delivered,19-06-2018 14:26,19-06-2018 14:57,21-06-2018 16:22,29-06-2018
BfEerzMxBUsM,Z9Qh1ywRmAmS,delivered,22-05-2017 17:19,22-05-2017 17:30,25-05-2017 18:14,02-06-2017
7Mnj5LFCXUjy,oDsW8MsomtLT,shipped,09-03-2017 20:50,09-03-2017 20:50,,03-04-2017
z2xZKG2is3Xq,4gjvRA9xHPoy,delivered,29-06-2018 12:51,29-06-2018 13:11,06-07-2018 15:48,16-07-2018
qCC3RaKYxYBW,ERHgZk4ehPoa,delivered,07-06-2017 09:12,07-06-2017 09:22,14-06-2017 18:47,12-07-2017
rfUXOUKCptwI,Kq86HDyW0eVY,delivered,26-08-2017 11:14,26-08-2017 11:25,13-09-2017 21:39,02-10-2017
LKRP1jbPUX9u,Kv0L2pjxnscF,delivered,04-04-2018 08:09,04-04-2018 08:29,18-04-2018 21:11,27-04-2018
R6up2KYJbADG,4Eujb5yIpqs8,delivered,01-05-2018 14:30,01-05-2018 14:55,03-05-2018 15:14,21-05-2018
Vkd83aJPKBK4,95x00GvGvdsN,delivered,26-11-2017 14:25,26-11-2017 14:36,20-12-2017 14:53,19-12-2017
gk6zgfzGqRTq,mMMqaZdSGKkj,delivered,19-06-2018 22:58,20-06-2018 22:59,28-06-2018 15:36,23-07-2018
MfNVtDX1b0u6,PVuEBsve8sGc,delivered,17-07-2017 18:17,17-07-2017 18:35,29-07-2017 14:22,17-08-2017
qf88tnNyUpRx,CFq5t8NmcBjF,delivered,09-08-2018 20:45,20-08-2018 15:56,15-08-2018 14:56,14-08-2018
KPJNHedkLc39,7lzdx5NiTon5,delivered,27-02-2018 18:05,27-02-2018 18:15,06-03-2018 22:22,20-03-2018
grbwNyiL0JEt,yubQuMJHYArq,delivered,03-06-2017 13:19,03-06-2017 13:30,16-06-2017 14:21,28-06-2017
LqSXGf20AV6o,81pRzMsQXJvL,delivered,11-06-2017 17:09,11-06-2017 17:25,19-06-2017 19:58,03-07-2017
Y1qg1pjHkLox,9cOeBSdJsVRt,delivered,18-12-2017 00:33,19-12-2017 09:31,10-01-2018 15:28,19-01-2018
ZzXFOWbjmFzr,hrOVJXe5UIJz,delivered,20-06-2018 14:16,20-06-2018 14:38,27-06-2018 13:18,18-07-2018
1YrkKeHcafj6,GPbGOYREi42j,delivered,28-07-2017 21:14,02-08-2017 08:32,15-08-2017 22:09,23-08-2017
GTtRiJLayjkE,m80CMcFQAiY3,delivered,10-10-2017 19:26,10-10-2017 19:49,17-10-2017 20:22,03-11-2017
bIDNyw5PjxVw,h6HYxXQrwd4V,delivered,10-12-2017 18:34,10-12-2017 18:50,18-12-2017 20:49,28-12-2017
52d7sTJogAGS,jCgGmRxJOQbZ,delivered,18-09-2017 02:23,19-09-2017 03:38,21-09-2017 21:16,28-09-2017
RuC6cSsNwGSD,RXcTZwVMuh7r,delivered,26-02-2018 19:09,26-02-2018 19:29,08-03-2018 19:41,21-03-2018
Oq5uLT3bDtK7,J4jc1HmP9Pp2,delivered,13-02-2017 22:09,13-02-2017 22:23,03-03-2017 06:48,17-03-2017
LoBAXtMOqI3V,5MZJB9YPljy9,delivered,21-11-2017 15:40,21-11-2017 15:52,30-11-2017 22:58,08-12-2017
Gl8G0YaaKbCH,qo9mo5acvOF4,delivered,24-08-2017 09:42,24-08-2017 09:55,19-09-2017 20:37,05-10-2017
wjBw461L0dNm,yp7tWschT65y,delivered,10-03-2018 20:23,10-03-2018 21:00,29-03-2018 13:28,28-03-2018
cUIMdjXkl46l,reMHDqdhR91d,delivered,17-10-2017 22:15,19-10-2017 02:49,01-11-2017 16:52,09-11-2017
Hg69RiAHsqSy,iInljnnFAiKx,delivered,01-08-2018 17:34,01-08-2018 18:20,17-08-2018 00:14,27-08-2018
kMATImGT7Bt2,l0BfHbbSsIA9,delivered,11-04-2017 16:21,12-04-2017 16:25,06-05-2017 10:37,11-05-2017
vICQ6xAkBQJv,dXi3AN2ExobT,delivered,16-05-2018 07:08,16-05-2018 07:56,04-06-2018 19:38,13-06-2018
eOsGCznIAUFY,8fvg91ZFtCrC,canceled,15-05-2018 13:17,17-05-2018 03:34,,01-06-2018
rT0GUnmfrp3g,tfDhuRy24czK,delivered,15-01-2018 23:15,15-01-2018 23:29,27-01-2018 12:38,16-02-2018
PneId89pjlVF,bChh6mK7RBlh,delivered,10-06-2018 11:00,12-06-2018 04:57,10-07-2018 04:54,26-06-2018
xkUyzx2wFjwf,js7p4pR7usCm,shipped,13-07-2017 11:28,13-07-2017 11:43,,15-08-2017
1MbJ62rztvdE,5D0axTwrkrWM,delivered,23-02-2017 07:45,24-02-2017 02:50,07-03-2017 14:18,22-03-2017
3P6YchQzgDtd,6eHzzbzzyIgk,delivered,26-04-2017 12:32,26-04-2017 13:10,02-05-2017 12:22,15-05-2017
PtP1KKpGs0Kk,Cmla8gynZMss,delivered,06-10-2017 22:06,06-10-2017 22:24,24-10-2017 22:26,09-11-2017
dsTjTURw2Ngg,6I0j6majP2zV,delivered,28-06-2017 17:55,30-06-2017 02:43,21-07-2017 19:21,20-07-2017
7KQLNjjjuVzS,8Tw6incrVHGA,delivered,25-08-2017 15:11,25-08-2017 15:30,29-08-2017 15:58,08-09-2017
PPQrKXZMlZ05,g6iYbCY1k7IN,delivered,19-12-2017 14:57,19-12-2017 19:14,02-01-2018 17:47,19-01-2018
etGEWoVwIuS6,WgrrZAiIFfxF,delivered,28-09-2017 23:06,28-09-2017 23:25,04-10-2017 18:46,20-10-2017
55GIbAMhfvxt,Uv12TYPJRREK,delivered,20-08-2018 08:13,20-08-2018 14:15,23-08-2018 19:59,30-08-2018
SnbhVttnpE27,TEspEGQbc91c,delivered,17-10-2017 15:55,17-10-2017 16:07,23-10-2017 16:52,03-11-2017
WMPT0F2OZ6fm,XkxI5wF3CHFt,invoiced,06-08-2018 20:17,06-08-2018 20:30,,09-08-2018
k3Rsr6bYVhuG,JJkwA2dXsbAk,delivered,29-07-2017 15:38,29-07-2017 15:50,09-08-2017 21:15,21-08-2017
KcbjEZhinCC7,DwrYDSd6OeXT,delivered,08-12-2017 08:15,12-12-2017 03:49,10-01-2018 23:52,05-01-2018
CBikI5R5D3Es,QtzgTHJvBGA2,processing,06-04-2017 17:11,07-04-2017 03:10,,27-04-2017
vlDOCPx2RWwL,1Wq56HIEkGKb,delivered,13-01-2018 21:57,13-01-2018 22:09,07-02-2018 01:12,02-03-2018
4XD3XsJnUFnM,5h0kQ0HMhfFf,delivered,27-04-2018 20:41,27-04-2018 20:55,03-05-2018 18:32,16-05-2018
Q5ZoO3DdXvmc,wp1SZ6IaocpE,delivered,15-08-2017 11:25,16-08-2017 12:10,22-08-2017 22:14,30-08-2017
u1UimlZOy7jQ,MdFRv34TfbSe,delivered,05-01-2018 20:37,08-01-2018 20:31,16-01-2018 16:28,06-02-2018
1E3iD0TBYiQv,ND99OCtzv42A,delivered,16-03-2017 11:36,16-03-2017 11:36,19-09-2017 16:28,28-04-2017
FSFm6KXHD7tM,Na6jIsBvA2HX,delivered,03-09-2017 14:00,05-09-2017 04:24,11-09-2017 19:52,28-09-2017
UFRdVMOcc2Yp,L6OcEOe1nZgR,delivered,28-06-2017 10:57,28-06-2017 11:10,17-07-2017 15:32,20-07-2017
XFauDZBeZeg0,HbRTYGAJXlO9,delivered,14-11-2017 03:16,14-11-2017 03:30,27-11-2017 18:52,05-12-2017
aDM4talQ6brh,uyPatH89Y3vk,delivered,19-07-2018 08:40,19-07-2018 08:55,02-08-2018 11:17,08-08-2018
dfQYczlyMHB5,0a5GyHWgXwRC,delivered,26-08-2018 04:52,26-08-2018 05:10,29-08-2018 18:17,31-08-2018
G1Veq2fc0vSS,7UDTJNVjyVsZ,delivered,26-01-2018 12:09,26-01-2018 12:22,01-02-2018 14:58,19-02-2018
3kQCq4lbaOK9,WbXXBgKvWEjP,delivered,06-11-2017 19:20,07-11-2017 04:31,20-11-2017 14:32,29-11-2017
ePg7LyHwKeoQ,UAiITgXjnxCZ,delivered,20-07-2017 08:59,21-07-2017 02:55,26-07-2017 10:42,09-08-2017
iE895OwyUliJ,LA7Un8cF4ua8,delivered,17-07-2017 19:59,17-07-2017 20:10,24-07-2017 22:52,04-08-2017
XyAVofPUCM13,GjlT9GmFOxne,delivered,03-08-2018 14:21,03-08-2018 14:35,09-08-2018 18:02,05-09-2018
ItcROAatm9qV,IXORq0vSvHjZ,delivered,20-12-2017 14:30,20-12-2017 14:39,26-12-2017 15:09,15-01-2018
fRH6hWQCFJfA,9qAEDlCVz1aB,delivered,17-08-2017 11:14,17-08-2017 11:30,19-09-2017 17:39,13-09-2017
s5dVUH58uNDY,rMxi7svVrGep,delivered,03-10-2017 23:52,04-10-2017 22:28,16-10-2017 16:08,01-11-2017
1SVobHiDbyFI,pUqBNnC4I8SX,delivered,16-03-2018 11:19,16-03-2018 11:30,27-03-2018 22:38,09-04-2018
A9u8teMLfnqy,SulnIySeqk4z,delivered,17-10-2017 18:15,17-10-2017 18:28,23-10-2017 16:20,03-11-2017
uysl2pJLafck,Xxzolt1osOHS,delivered,31-07-2018 10:27,31-07-2018 11:04,03-08-2018 22:37,07-08-2018
cJoBPLziXZ94,X2Msnxmq1aQm,delivered,06-03-2018 19:21,06-03-2018 19:35,17-03-2018 17:08,29-03-2018
nsRsjGdzOLd3,eCAzNzjXDBk8,delivered,08-10-2017 23:56,10-10-2017 00:14,20-10-2017 19:04,03-11-2017
atZxU3EM6CCK,kKkQAKtJdOej,delivered,30-04-2018 11:07,03-05-2018 04:15,07-05-2018 18:22,23-05-2018
fLr3kTLQXnYs,DLiy5KeXCwtS,delivered,28-09-2017 15:14,29-09-2017 02:15,07-10-2017 16:23,16-10-2017
vectKPK0a1hr,vg1KIG51dGCD,delivered,13-02-2018 15:58,13-02-2018 16:10,20-02-2018 21:13,07-03-2018
oQE3KyRMx2HC,2eU7xUfNcc2B,delivered,20-06-2018 16:32,20-06-2018 17:00,28-06-2018 22:26,18-07-2018
MpfN5hM7QaIb,gqfMMgoZskUF,delivered,16-06-2018 12:20,16-06-2018 12:40,25-06-2018 14:41,17-07-2018
DdDQ4Z1ZAKjs,9F01qm7yNN5P,delivered,04-03-2018 18:04,04-03-2018 18:40,16-03-2018 04:08,28-03-2018
cCTU4XdvZaRb,q3caJiRuglHl,delivered,02-01-2018 13:40,02-01-2018 13:49,15-01-2018 13:12,24-01-2018
ruxxllsQZysS,1QRCJpFyHhcQ,delivered,13-03-2018 23:37,14-03-2018 00:20,28-03-2018 17:48,11-04-2018
QynCMMXbz6Hj,x16f2Nwi0e5t,delivered,03-08-2018 09:59,04-08-2018 04:05,08-08-2018 23:58,13-08-2018
y76jGUuZwUAM,4N3NrsUCb8ae,delivered,19-07-2018 16:14,19-07-2018 16:30,27-07-2018 17:21,03-08-2018
pFdbUShXs2Ru,KwbUpcEApWjA,delivered,04-02-2017 02:29,07-02-2017 03:50,15-02-2017 15:41,01-03-2017
QguN9xvRHNTs,jlZkqSbeX9QH,delivered,29-01-2018 12:39,29-01-2018 12:52,05-02-2018 19:08,20-02-2018
q7ci0LjrVpG4,qFceBMay1IfV,delivered,19-08-2017 20:17,22-08-2017 14:06,30-08-2017 23:13,11-09-2017
6eU5aCClumyJ,0OohKYzzZ2mY,delivered,06-06-2018 17:17,06-06-2018 17:34,18-06-2018 18:11,20-07-2018
uO3CqIrk9TA5,jp9EnNQtOleB,delivered,25-06-2017 14:29,25-06-2017 14:45,04-07-2017 15:52,25-07-2017
8SQ9FwzB6DxZ,fr6JpIDZlyD2,delivered,25-07-2018 06:56,25-07-2018 07:10,03-08-2018 18:13,21-08-2018
BLMPmwddUi7z,LBRNA4xBKdTT,delivered,15-05-2017 10:10,15-05-2017 10:23,29-05-2017 09:49,02-06-2017
o971UlIQHUrB,RkBgnlHy7zA6,delivered,19-03-2018 10:40,19-03-2018 11:30,06-04-2018 21:17,06-04-2018
MrVatiqJ3i95,nF3dADWWvUpO,delivered,09-07-2017 10:29,09-07-2017 10:43,14-07-2017 17:51,28-07-2017
a4yTP98EEB7h,0jrDfc9BfALq,delivered,28-06-2017 08:32,28-06-2017 21:45,18-07-2017 15:59,28-07-2017
9HPip5W0tprn,U9HeZjm4aO3F,delivered,17-01-2018 17:58,17-01-2018 18:11,02-02-2018 00:27,14-02-2018
ZI2xJ8n8X7SW,Tu2dx6QOyE8i,delivered,24-05-2018 16:46,24-05-2018 18:38,28-05-2018 20:42,13-06-2018
uyXE59FQ1H0Q,lR7BhKcSjUWc,delivered,28-06-2018 16:27,30-06-2018 02:52,04-07-2018 17:46,12-07-2018
myHhbcDMUjbh,GbVvvyIMfj3v,delivered,26-06-2018 11:20,26-06-2018 11:35,24-07-2018 18:18,27-07-2018
F6B9YxwbxxjE,RqOVCP4wL516,delivered,03-03-2018 23:51,04-03-2018 00:08,21-03-2018 23:08,27-03-2018
aFnXzRv4Wn2M,rmiN2LwQ9w6P,delivered,31-07-2018 14:56,31-07-2018 15:44,09-08-2018 19:03,27-08-2018
IRNEiBQEewT3,hoIsDWCliZVn,delivered,26-03-2018 00:20,26-03-2018 00:35,09-04-2018 20:46,16-04-2018
ZMIMxYQjyNbO,uQeDj583qSAm,delivered,12-05-2017 09:24,13-05-2017 03:02,25-05-2017 07:39,30-05-2017
O6WES780bIsr,6fH8ni7Tzxak,delivered,01-04-2018 13:13,01-04-2018 13:30,13-04-2018 17:25,19-04-2018
lsHhBn5cxGQe,zmPKaNshpXPL,delivered,09-07-2018 19:46,09-07-2018 19:55,24-07-2018 16:58,02-08-2018
yweE4tuiUKaE,OBpLGqsUQhBo,delivered,04-09-2017 15:17,05-09-2017 15:24,18-09-2017 19:43,29-09-2017
L24yFIarqeif,EFeEPME7Uw2n,delivered,19-05-2017 16:02,20-05-2017 16:05,26-05-2017 16:26,08-06-2017
CIgP38RLs2dk,fxVutq7faUFW,delivered,28-09-2017 10:05,28-09-2017 10:24,09-10-2017 20:21,24-10-2017
lhKveWr1XioH,tSkTUffTE6z5,delivered,18-05-2018 11:40,18-05-2018 12:56,24-05-2018 20:30,06-06-2018
J6Ad7eJtZJBK,EAgASb2SMfN5,delivered,01-04-2017 16:42,05-04-2017 02:42,17-04-2017 09:43,02-05-2017
K30WhIAThU7e,Rr7ZXsXDsK0x,delivered,30-11-2017 16:08,30-11-2017 16:15,03-12-2017 13:05,18-12-2017
bipkyXhrCRU3,9jEDzGXL4KhU,delivered,07-08-2018 18:58,07-08-2018 19:24,28-08-2018 12:12,31-08-2018
tOfbzStkzwCP,YeKfZ71hMXGQ,delivered,29-04-2018 19:52,29-04-2018 20:15,03-05-2018 14:04,15-05-2018
kLHnQGaCYQ0D,veBfcCl9tMIU,delivered,15-07-2018 21:21,15-07-2018 21:30,24-07-2018 23:14,02-08-2018
erCvArKuXP7y,YuBfmnTBXO86,shipped,25-07-2017 23:39,25-07-2017 23:50,,07-08-2017
DjV3bpGZho0O,dN36SFWvX6rN,delivered,06-07-2018 13:46,06-07-2018 14:11,10-07-2018 18:25,19-07-2018
9kZ7jlj2wuDl,MWesReS11jCu,delivered,09-05-2018 10:34,09-05-2018 10:54,28-05-2018 13:51,12-06-2018
KuZLJ1AaqI9q,Zo1pvdW0AauT,delivered,16-07-2018 21:07,18-07-2018 02:50,01-08-2018 20:45,22-08-2018
yoTXBZ4nPUOg,7gSul4JmzgqL,delivered,05-03-2018 14:31,05-03-2018 14:55,16-03-2018 16:28,28-03-2018
uYLL1QRTJKQC,Y0kVLULSGsaW,delivered,04-04-2018 18:08,04-04-2018 18:15,22-04-2018 21:05,03-05-2018
GHC60lkfmfzc,2mO4Y7rDDM1f,delivered,21-03-2017 13:40,21-03-2017 13:40,06-04-2017 13:34,11-04-2017
H8ZDEOpg7Faf,Wc637DMRaKpr,delivered,24-11-2017 07:21,24-11-2017 13:11,04-12-2017 18:06,14-12-2017
AWFieec5EhXd,5rjz5c9CTQ2k,delivered,04-02-2018 21:01,04-02-2018 21:10,14-02-2018 19:56,09-03-2018
eYC146tRJ3eS,qQRzsD7yBbeJ,delivered,03-06-2018 16:07,05-06-2018 03:50,28-06-2018 14:54,12-07-2018
rIDYB6lCDTR9,WY0zrQCtNGQI,delivered,03-08-2018 15:34,03-08-2018 16:04,10-08-2018 22:38,09-08-2018
dZGNHioFdcer,gljUofdvu0Ep,delivered,11-01-2018 16:58,11-01-2018 17:08,18-01-2018 20:38,05-02-2018
7uyJMH917bwZ,c17ylwxoqYXx,delivered,26-01-2018 14:18,26-01-2018 14:34,01-02-2018 18:22,19-02-2018
l7rzx6VFkjNT,0uNf4PQte2lT,delivered,20-07-2017 16:33,20-07-2017 16:45,01-08-2017 20:33,11-08-2017
qKs9bwrzCJCx,nJ2ST6XCpEa1,delivered,16-06-2018 12:55,18-06-2018 12:37,26-06-2018 21:21,19-07-2018
nFXS3pQ4TBIf,aJKfethv72yk,delivered,28-08-2017 20:26,28-08-2017 20:44,08-09-2017 20:30,21-09-2017
QAnafTMO59m6,bfY9CBT5Q7Bh,delivered,16-01-2018 17:06,16-01-2018 17:14,22-01-2018 18:08,06-02-2018
EUpbLBAHatd1,kVhloKoKyUBi,delivered,04-05-2018 01:12,04-05-2018 01:32,11-05-2018 21:20,29-05-2018
GP5cstPcLLQj,cVQupkg9NlOn,delivered,09-08-2017 20:07,10-08-2017 19:43,28-08-2017 20:17,31-08-2017
ozguHw2xMsrf,a0QPDR6mLJ2r,delivered,27-04-2018 11:25,27-04-2018 11:52,30-04-2018 19:42,16-05-2018
w1DCnkttwIe6,2ouCf0E0esGt,delivered,26-01-2017 13:15,27-01-2017 03:05,06-02-2017 17:52,08-03-2017
TyY6P7qtW1Yu,eBrMUX1xHpxB,delivered,19-09-2017 17:15,19-09-2017 17:30,09-10-2017 19:22,11-10-2017
SM4Cj1CZZLkj,Gfg87pGGLu0R,delivered,09-05-2018 13:33,09-05-2018 13:51,17-05-2018 17:59,29-05-2018
ybF89OMhc7TN,q4lNbZvvFSVZ,canceled,21-01-2018 12:44,22-01-2018 13:49,,19-02-2018
DURQJMJAFgec,zaDWqbVPUEiC,delivered,11-12-2017 20:08,11-12-2017 20:30,21-12-2017 19:32,04-01-2018
yQNvu0LsC0zi,fh2vctymMClz,delivered,30-06-2018 17:07,30-06-2018 18:09,10-07-2018 23:38,24-07-2018
i4uH4OVqBIdm,wl8E0mQK1vAZ,delivered,18-03-2018 22:58,19-03-2018 22:55,23-03-2018 15:14,05-04-2018
Ae4FmV54RaBv,XsXqrOTSDy8U,delivered,29-07-2017 20:47,29-07-2017 21:03,10-08-2017 18:32,05-09-2017
ua86X6jeWF48,YOoMu23yKYN8,delivered,05-07-2018 09:20,05-07-2018 16:31,12-07-2018 14:52,20-07-2018
BmsSgvYugTcn,uVi9rAaggmAo,delivered,24-10-2017 18:32,24-10-2017 18:49,27-10-2017 18:30,06-11-2017
K9wZS26hYDi6,nuT5IRZdUMK6,delivered,05-01-2017 11:56,05-01-2017 12:10,11-01-2017 13:14,01-02-2017
emgbs4p8zrbs,kU5hIkyW89AP,delivered,11-06-2018 01:02,11-06-2018 01:15,23-06-2018 18:08,13-07-2018
dzYh8QrrtxmN,JsXHp1sjsF19,delivered,01-12-2017 09:38,01-12-2017 11:31,28-12-2017 15:28,28-12-2017
jF9xQGkZI7AC,ZEP0sSLNlhG7,delivered,19-07-2018 01:00,20-07-2018 05:03,31-07-2018 17:13,10-08-2018
XCcz3HxevFiN,2nmv17MpHG8X,delivered,08-01-2018 12:25,08-01-2018 12:35,19-01-2018 16:06,08-02-2018
0qj71VZeqhOO,bulJXtASWe08,delivered,16-11-2017 13:01,18-11-2017 02:09,29-11-2017 21:32,08-12-2017
efyq0yLeQE1m,Wk1yqAZKIfqV,delivered,19-05-2017 10:02,20-05-2017 04:03,02-06-2017 10:32,14-06-2017
fgEO0J0acDhb,Cai19zymLsYJ,delivered,10-03-2018 16:11,13-03-2018 04:08,27-03-2018 19:07,11-04-2018
BDLXyxkpxOeN,L53xR8xGZaZD,delivered,19-02-2018 12:18,19-02-2018 12:30,07-03-2018 23:38,14-03-2018
4DCZ5L73MMIj,ssXgSH6z0g8S,delivered,27-11-2017 19:06,27-11-2017 19:19,05-12-2017 13:48,20-12-2017
wb8m3XMuIHxk,xF4yIv1vDtOy,delivered,24-05-2017 17:01,24-05-2017 17:10,01-06-2017 12:58,20-06-2017
enWiHbOnJDKY,k7GtceKwNgMB,delivered,18-04-2018 22:39,18-04-2018 22:50,09-05-2018 21:33,14-05-2018
RQ6qEjoCbLlB,tcXUcae8m1hb,delivered,12-08-2018 02:11,12-08-2018 02:25,21-08-2018 12:18,13-09-2018
AUnUliUP4CbG,zxnzAMXNhIRi,delivered,16-10-2017 14:55,16-10-2017 15:07,23-10-2017 22:14,01-11-2017
QlfYA7XhGQM4,HqYjA1irgw9I,delivered,16-06-2018 11:32,16-06-2018 12:00,22-06-2018 01:12,05-07-2018
ZRbZ7T0cd7v2,tW9U60gxJmLh,delivered,03-07-2018 23:20,05-07-2018 16:40,14-07-2018 13:06,23-07-2018
DaBl0qQpdhDH,azn1KwgS7Rho,delivered,12-06-2018 21:35,15-06-2018 15:03,29-06-2018 15:22,12-07-2018
6F0kHSR4ku4P,PYXyjCH66Dih,delivered,24-04-2018 13:34,24-04-2018 17:42,30-04-2018 15:08,17-05-2018
ls1WaMbwX29k,aE46Plt8tnTp,delivered,22-02-2018 09:54,24-02-2018 02:50,11-04-2018 19:56,20-03-2018
ZWeLPLWjCN0G,zShUuGgZqi1W,delivered,26-03-2017 16:39,28-03-2017 03:42,23-05-2017 12:35,04-05-2017
lMNtLm2TqkWz,jg7C991skSMP,delivered,14-08-2018 14:51,14-08-2018 15:04,16-08-2018 19:38,21-08-2018
Z59NsR2g4TXC,cWPuhFYrcoMU,delivered,03-08-2018 22:01,03-08-2018 22:15,07-08-2018 11:46,10-08-2018
tXXBz6Lyj1p6,PU1VFUq5ZD1q,delivered,18-10-2017 17:49,18-10-2017 18:06,10-11-2017 00:28,17-11-2017
bV1yC46PogzL,w8KM7rimzLzM,delivered,10-02-2017 12:53,11-02-2017 02:55,03-03-2017 13:05,27-03-2017
w90g2o1VWeVs,FGanMFaoir5h,delivered,22-04-2017 19:16,22-04-2017 19:30,08-05-2017 11:26,19-05-2017
KCqost0jS04g,ddUFHoKxBDSr,delivered,25-01-2018 11:04,25-01-2018 11:17,31-01-2018 21:18,20-02-2018
GceioGAwPtfa,SMDtwfA3y4Nt,delivered,13-12-2017 15:36,13-12-2017 15:50,20-12-2017 16:35,02-01-2018
vNP260JjlgsB,ujWrD7wcFDaK,delivered,10-09-2017 22:24,10-09-2017 22:35,20-09-2017 20:59,05-10-2017
JuxPt3nOB4rA,PJ6zHytlpZ1g,delivered,22-06-2017 20:08,23-06-2017 20:15,03-07-2017 12:54,14-07-2017
5ZCKrrJbv8iY,nZvf7lh6ZgXL,delivered,24-07-2017 19:45,24-07-2017 19:55,05-08-2017 12:07,15-08-2017
dhToxbmO2mgK,I5an5Bi9p0zs,delivered,07-08-2017 17:35,09-08-2017 02:45,15-08-2017 19:17,28-08-2017
jvsUaBWVyOha,r5wxMlL5T0WC,delivered,11-03-2018 12:49,12-03-2018 12:48,23-03-2018 21:28,06-04-2018
qGZePwmIBBtN,chdIrEW1gLFI,delivered,14-01-2018 19:38,14-01-2018 19:48,20-01-2018 10:19,07-02-2018
919ggAMoZv9E,PvrJ9HhssoOE,delivered,22-06-2018 21:21,22-06-2018 21:58,29-06-2018 13:51,23-07-2018
GiYSLpL1SNrl,Q6A580Fe4Ynj,delivered,30-11-2017 22:17,01-12-2017 10:31,04-12-2017 19:28,19-12-2017
seFGrql71OoU,D2qq7gviSS4O,delivered,10-07-2017 11:00,10-07-2017 11:15,12-07-2017 11:32,24-07-2017
8c1YjufKGTpK,aDqnJatl0pHk,delivered,26-11-2017 21:54,26-11-2017 22:12,04-12-2017 19:52,21-12-2017
1WL4V8KeIDHN,P32rqPH5Gm90,delivered,20-09-2017 23:26,20-09-2017 23:35,29-09-2017 18:37,16-10-2017
aQGzgNf1d92B,Jj7yLJrVO56W,delivered,05-09-2017 11:10,06-09-2017 02:50,13-09-2017 19:25,28-09-2017
hE1yX4MhLL0L,mJcTuJwffODP,delivered,04-04-2018 10:05,04-04-2018 10:29,11-04-2018 15:12,20-04-2018
Bk0dffIbfChq,nhyKLSRBnj22,delivered,06-05-2018 23:00,08-05-2018 19:35,10-05-2018 22:08,18-05-2018
JUou1ZKvsYh7,8EaeSmS2YvxN,delivered,18-09-2017 20:11,18-09-2017 20:25,28-09-2017 19:19,24-10-2017
VWs6b2EAZOl9,dDZUY9CIsz2G,delivered,09-06-2018 21:46,09-06-2018 22:19,14-06-2018 15:03,05-07-2018
mMzrAIDmgpqp,teZw8tP7W6HZ,delivered,23-11-2017 16:38,23-11-2017 16:50,04-12-2017 16:09,21-12-2017
BtHG80kokXbi,BEdsTQFE6xwi,delivered,13-02-2018 10:20,15-02-2018 03:51,09-03-2018 19:39,19-03-2018
zYcXmHD6G5cr,hR9NhaJgLDNT,delivered,03-01-2018 14:26,05-01-2018 09:57,15-01-2018 16:12,29-01-2018
NOwU6BgabXFN,enGHEqxtVhSV,delivered,21-02-2018 13:37,21-02-2018 13:51,05-03-2018 18:24,16-03-2018
cdMNdLFwWlDP,1vfbjTJLJFSk,delivered,09-01-2018 20:30,10-01-2018 10:32,19-01-2018 23:47,01-02-2018
pXA7Bop1s6sO,pzPvrQVZfqag,delivered,26-07-2018 09:43,27-07-2018 02:05,03-08-2018 16:04,17-08-2018
kND6TmRqIdtQ,pChM3hWSKwCD,delivered,24-08-2017 19:55,24-08-2017 20:10,31-08-2017 17:38,20-09-2017
cIa7XgY0IhJq,kVkdQkzhnOU0,delivered,12-04-2018 19:30,13-04-2018 13:14,20-04-2018 22:03,08-05-2018
oeKMcBjaxdLY,IYOdoJPQftuq,delivered,16-04-2018 19:05,18-04-2018 05:11,02-05-2018 16:08,10-05-2018
frzvwDN5YkIj,vtxvFuwAP7XQ,delivered,18-12-2017 23:46,19-12-2017 01:13,27-12-2017 15:17,15-01-2018
zcRsep0OyoAO,DqV4ZWYBoeIh,delivered,04-09-2017 11:10,04-09-2017 11:24,11-09-2017 12:06,26-09-2017
nAutPRYVGkK5,Px8Wn8965Vqx,delivered,26-11-2017 09:33,26-11-2017 09:54,13-12-2017 18:13,26-12-2017
QwOTVMhTgf9n,u05cF3o2Xkmx,delivered,17-08-2018 07:01,17-08-2018 07:10,30-08-2018 18:04,14-09-2018
iNO8xgpQ9pHz,XQUamTZ8WT8q,delivered,18-08-2017 08:33,18-08-2017 08:45,15-09-2017 18:53,19-09-2017
glIYCfUUh4jz,ZU2owE4hOyKC,delivered,27-04-2018 22:44,27-04-2018 22:55,11-05-2018 21:24,16-05-2018
sQje7H2R83c8,DR2O1Dbd4bg4,delivered,14-02-2018 09:52,14-02-2018 10:27,12-03-2018 22:36,12-03-2018
vpPwU64a8POw,27HvODq2YUJV,delivered,16-05-2018 19:04,16-05-2018 19:36,28-05-2018 18:03,14-06-2018
meb9S8HNpS72,g1dvfotOxlsU,delivered,18-03-2017 18:44,18-03-2017 18:44,29-03-2017 17:28,06-04-2017
qWmX0XhPbPwn,QQjkFCXDLQbE,delivered,22-08-2018 06:46,22-08-2018 07:04,28-08-2018 00:29,12-09-2018
owIGthHmZpSP,ArNtzhD3gBIu,delivered,05-07-2017 21:05,06-07-2017 21:15,11-07-2017 20:37,18-07-2017
RBmioQlQiObc,dUPsGqBhTHiM,delivered,10-05-2018 21:07,10-05-2018 21:37,17-05-2018 14:12,28-05-2018
aoXUGkQXnqiA,eiq3pdKBjSm2,delivered,27-01-2017 11:34,28-01-2017 04:34,13-02-2017 11:07,24-03-2017
tvOan1mzirby,UYSQp4yAQ5A4,delivered,13-10-2017 20:15,13-10-2017 20:28,26-10-2017 09:41,08-11-2017
2wplUDUTyRex,qg7oBWzLZ2j5,delivered,06-02-2018 14:42,06-02-2018 16:11,01-03-2018 01:04,07-03-2018
pCYL5AJPujok,QzpFHpncT8i2,delivered,23-03-2018 07:25,23-03-2018 07:35,09-04-2018 15:17,13-04-2018
sU4YmRVWlsVx,wws5PdGLPeP2,delivered,22-04-2017 08:22,25-04-2017 10:55,05-05-2017 22:49,11-05-2017
c6nhfOrJ8Q9F,XCXuJFBUWOCb,delivered,28-08-2017 07:20,28-08-2017 07:30,11-09-2017 19:29,19-09-2017
waygUVyOTjcd,MgRpHySePVSV,delivered,22-01-2018 16:53,22-01-2018 17:16,07-02-2018 17:41,21-02-2018
qQOvniGjAglN,9Md5HdxhZNML,delivered,10-06-2018 23:18,10-06-2018 23:37,26-06-2018 17:48,04-07-2018
vSsvWwYaQSD6,nfQ0Nfoi6U01,delivered,30-07-2018 07:00,30-07-2018 07:15,20-08-2018 15:06,27-08-2018
xpnFktaMnaXg,8Y1C3Mo6ulcL,delivered,17-11-2017 08:36,17-11-2017 08:46,24-11-2017 20:58,12-12-2017
0lsQSv24QCXR,O7DWeMQvC0cK,delivered,16-06-2018 17:16,16-06-2018 17:38,19-06-2018 17:41,23-07-2018
3hxzVJNs3FEv,ZijDYPvb3Xqg,delivered,24-01-2018 16:00,25-01-2018 02:58,16-02-2018 03:07,01-03-2018
pRpo8O2u93rU,0tZbmO0k5EQv,delivered,10-04-2017 16:22,10-04-2017 16:35,20-04-2017 15:00,02-05-2017
nVQxiZ9zqTa3,BcHXcB7Y468H,delivered,04-02-2018 20:53,04-02-2018 21:09,14-03-2018 20:48,06-03-2018
zL56ddA8hcGw,vvwNWxXk1okN,delivered,28-08-2017 17:57,28-08-2017 18:05,04-09-2017 21:42,29-09-2017
x8YoQrSw1ibt,uZ6gP91QMETZ,delivered,28-03-2018 09:57,29-03-2018 16:15,05-04-2018 05:58,10-04-2018
TQHxuySKNG5s,iMt6wk5Uq0Mk,delivered,17-10-2017 09:54,18-10-2017 10:04,25-10-2017 20:23,14-11-2017
fpMX0MmzUdme,PEJ8w7KMzFFh,delivered,25-02-2018 21:01,26-02-2018 09:35,28-03-2018 16:46,02-04-2018
E6ORBY8V2l85,A48s8QYDNcHA,delivered,07-07-2018 18:35,08-07-2018 18:30,13-07-2018 15:07,26-07-2018
VesTskisHN34,MhBnfQt6Ewev,delivered,07-06-2018 19:45,07-06-2018 19:55,15-06-2018 18:53,04-07-2018
7t4WD0z9zvIj,Fa0ldk28zhnF,delivered,24-11-2017 09:15,25-11-2017 03:38,13-12-2017 21:58,11-12-2017
z8NQ6yKFikU5,W1DGa2snBBzh,delivered,18-04-2018 10:23,20-04-2018 07:11,26-04-2018 16:13,09-05-2018
2g77wJvjvINn,zfwXymSXklfg,delivered,16-07-2018 13:51,16-07-2018 14:05,23-07-2018 19:05,10-08-2018
aZpyytCpXeLu,MYko9nMRCZjW,delivered,20-01-2017 19:44,20-01-2017 19:55,26-01-2017 15:53,03-03-2017
s0KF0z51RsYJ,xLxy6DQjZbpl,delivered,09-02-2018 13:46,09-02-2018 14:15,07-03-2018 18:36,08-03-2018
4GTm08n31E42,FsSoRc4UecN5,delivered,01-04-2018 20:02,02-04-2018 13:30,05-04-2018 19:24,12-04-2018
QtZdLoNIdS4f,WALtjFIrxh01,delivered,25-03-2018 18:44,25-03-2018 18:55,25-04-2018 19:44,19-04-2018
evVNNJ1W8llQ,Gw9tfUioaMoJ,delivered,05-08-2018 21:03,05-08-2018 21:10,16-08-2018 16:32,16-08-2018
WmXEBDqLab8e,O0VCR5Be4XDZ,delivered,05-07-2017 00:22,05-07-2017 17:39,12-07-2017 17:54,25-07-2017
uHsygeS551W7,S6TZiCHndiBk,delivered,10-04-2018 21:25,10-04-2018 21:35,04-05-2018 10:52,04-05-2018
KzRPFbyIiPqg,fukWFIQBjQ3j,delivered,08-12-2017 09:38,12-12-2017 03:49,26-12-2017 18:56,05-01-2018
XUsQni48M6yw,Dt3DptTDz44w,delivered,24-03-2017 06:19,25-03-2017 02:16,18-04-2017 06:33,05-05-2017
fn0sJ9nMMMCo,uS4SoG1L181p,delivered,26-01-2017 22:15,26-01-2017 22:30,03-02-2017 16:42,02-03-2017
ela06vNwaSmx,XGIEgMF1aaXl,delivered,25-11-2017 11:34,25-11-2017 11:51,29-12-2017 14:24,20-12-2017
rRFNAtVUFjGN,esVIotyQKcyD,delivered,01-03-2018 14:14,01-03-2018 15:10,12-03-2018 23:36,21-03-2018
L0ear51gV9HC,izj2S0OKq9K9,delivered,17-09-2017 22:36,17-09-2017 23:20,25-09-2017 20:55,16-10-2017
MWZFuVMNIqv1,WYPAA7Vwc3Zb,delivered,08-04-2018 13:20,08-04-2018 13:30,17-04-2018 19:38,07-05-2018
VFKkbFKaIWkb,bcnmBuWN8iWj,delivered,18-01-2018 01:16,19-01-2018 15:59,05-02-2018 19:28,14-02-2018
6FVQYyAeJd67,9EXL2s8rJoBr,delivered,04-04-2018 19:21,04-04-2018 19:35,20-04-2018 22:22,02-05-2018
al5Ona1gVjOT,scSWZZRJIzKA,delivered,19-03-2018 14:29,20-03-2018 03:48,11-04-2018 12:36,12-04-2018
z6zKdlYC0EmU,U8YZB1x6o6VT,delivered,24-04-2018 13:42,24-04-2018 17:45,28-04-2018 16:51,03-05-2018
cY7owOvz3HJc,vU4VPQa8JfFZ,delivered,11-04-2018 18:52,11-04-2018 19:10,14-05-2018 19:28,11-05-2018
l74VNSbAKhwF,yX6cDlpYfsHF,delivered,12-02-2018 19:12,12-02-2018 19:28,22-02-2018 12:08,26-02-2018
VW5R1FZUVHg9,eN5iAIVnwNks,delivered,07-03-2018 09:39,07-03-2018 10:20,28-03-2018 23:18,02-04-2018
T8ZesZ3oF7VS,yrmsev9BRdFj,delivered,20-04-2018 10:14,20-04-2018 10:33,25-04-2018 18:38,04-05-2018
rkD9FKa2svhm,WeuKEfpXzpv1,delivered,09-09-2017 22:15,09-09-2017 22:30,22-09-2017 22:26,03-10-2017
4F8dq7L3dJym,hibNbinsRy6q,delivered,24-11-2017 09:25,25-11-2017 06:15,28-12-2017 18:48,14-12-2017
HTSlHKRd8pWY,JjZj246jXBnA,delivered,08-03-2018 23:05,09-03-2018 00:30,23-03-2018 18:51,05-04-2018
hVqywI2dpiVr,KIIhe6oRkIGk,delivered,19-05-2018 16:23,19-05-2018 16:32,05-06-2018 19:21,06-06-2018
seW6RzW2kdpb,oj1d3bwLIRcm,delivered,18-05-2018 12:20,19-05-2018 02:59,07-06-2018 16:38,13-06-2018
lXmJCzPSzu3g,PMk4yLKKVmSU,delivered,04-06-2017 11:09,04-06-2017 11:22,12-06-2017 14:04,27-06-2017
XHFGV2kJ7xHu,aDCxdfZC25t4,delivered,15-03-2017 19:34,15-03-2017 19:34,23-03-2017 15:42,03-04-2017
7AbKuvHgM6mZ,xFUjTQlBxeSU,delivered,05-08-2018 21:22,05-08-2018 21:35,09-08-2018 16:42,16-08-2018
ymQImIeUGMOG,iSuXxcCR30Ig,delivered,17-08-2018 15:22,17-08-2018 15:35,27-08-2018 14:57,02-10-2018
O5wlWKcdTCXu,IqqDsqMNRJ1l,delivered,24-01-2018 00:29,24-01-2018 00:38,03-02-2018 02:16,16-02-2018
Hja2UfrujbS1,uSo6JWMRHPoL,delivered,08-06-2018 00:23,09-06-2018 01:31,12-06-2018 23:04,26-06-2018
4DXN8vliW3Km,346LsmvcvHOp,delivered,20-06-2018 15:33,20-06-2018 16:01,30-06-2018 00:47,20-07-2018
2MSpYzbK3BnX,Z0TNiSavtwie,delivered,16-08-2018 10:30,18-08-2018 02:35,21-08-2018 19:06,21-08-2018
mdDaeCW7vLYx,FKf8t53VMfxa,delivered,03-02-2018 19:36,04-02-2018 22:29,17-02-2018 14:29,21-02-2018
oyc7YDiN4fTU,SBRgoRd9pn30,delivered,01-12-2017 15:49,01-12-2017 16:00,14-12-2017 22:10,27-12-2017
IczBed9mV11A,QtLIEF9TmJM8,delivered,13-05-2018 19:39,13-05-2018 19:55,18-05-2018 16:38,29-05-2018
tsbCh2jP8G1M,0lbntKvfGP2S,delivered,10-02-2018 20:50,12-02-2018 09:48,23-02-2018 23:04,08-03-2018
B9jW8RhY42pj,dCTfJ3B6niei,delivered,08-03-2017 21:51,08-03-2017 21:51,14-03-2017 10:52,28-03-2017
9uw0suQjIm0o,0a9Qt1TXtghM,delivered,17-10-2017 19:05,17-10-2017 19:14,30-10-2017 20:54,08-11-2017
lYiXLldLYf8H,0Gal1VPBi8s7,delivered,16-02-2018 17:55,16-02-2018 18:05,28-02-2018 16:22,08-03-2018
OazbjW7wLDP6,HIqeMxneSsy7,delivered,02-05-2018 15:28,02-05-2018 16:18,10-05-2018 11:49,23-05-2018
5Xnq1mcvHNFt,aw6cwGQpjXjG,delivered,14-10-2017 22:41,14-10-2017 22:49,25-10-2017 11:42,06-11-2017
jMF3IJt6JdtY,egqy9rF01zeM,delivered,17-07-2018 22:44,17-07-2018 23:01,31-07-2018 18:02,08-08-2018
8Vtt2ZzmjTbU,UmPXGMVVgISd,delivered,04-03-2018 22:49,06-03-2018 03:35,26-03-2018 21:52,21-03-2018
wrg3CDdd92md,ZeCLgVVnirLB,delivered,14-06-2017 22:20,14-06-2017 22:36,13-07-2017 21:27,25-07-2017
VY6Q8h3SuJoK,2X8tKh6H3BJR,delivered,13-07-2018 14:58,17-07-2018 04:32,24-07-2018 20:16,02-08-2018
TNqEVyw7ZzZx,rGVzxdGufcWY,delivered,27-07-2018 21:02,27-07-2018 21:15,03-08-2018 17:03,14-08-2018
KJz87y6F28T9,SK955DAvakCp,delivered,11-01-2018 11:59,11-01-2018 12:08,22-01-2018 16:44,09-02-2018
DiH4dPLcUb1N,ogMF8pU4hZia,delivered,02-09-2017 19:32,02-09-2017 19:45,15-09-2017 19:42,05-10-2017
EoCpkmXFzVG9,WCvsizvmv63I,delivered,13-09-2017 12:43,13-09-2017 12:50,03-10-2017 12:43,10-10-2017
DqEJT8HUgZq1,oGJzcua6Ch9M,delivered,22-07-2018 17:47,23-07-2018 12:32,26-07-2018 16:21,31-07-2018
stG9AWGbe0Ze,tBuITUkMpzDC,delivered,23-03-2018 23:32,24-03-2018 00:31,02-04-2018 21:58,11-04-2018
aGsURM2XZNzw,xeUjZT9AmiVz,delivered,05-06-2018 17:54,05-06-2018 19:15,14-06-2018 19:04,16-07-2018
qxfxLVOs6pVg,p3RAc0XENGWe,delivered,10-01-2018 23:47,11-01-2018 23:47,22-01-2018 21:47,15-02-2018
0uoFzSObe9QP,GgHvcGqwJOqU,delivered,18-05-2018 11:00,19-05-2018 02:59,05-06-2018 15:44,16-07-2018
q0O8BwiWvrqk,JAWzRUFJjIqm,delivered,20-09-2017 18:00,20-09-2017 18:10,26-09-2017 16:45,11-10-2017
y1XyXMIHdhy6,3qV2YNGPIBYQ,delivered,21-08-2018 19:45,21-08-2018 19:55,24-08-2018 18:16,06-09-2018
J0Is1hFwzBik,ESNj7oW4tOqd,delivered,05-08-2017 00:31,05-08-2017 00:43,19-08-2017 16:04,11-09-2017
YUVWk3JnWmKq,wVM9JWCunAVJ,delivered,22-05-2018 21:13,22-05-2018 21:35,12-06-2018 23:11,08-06-2018
95vgZgnfMqCU,6MDtTea42NWB,delivered,01-11-2017 00:43,01-11-2017 00:55,03-11-2017 15:53,13-11-2017
sxMlvoC93ZYL,SteVoW2DDNu5,delivered,13-12-2017 14:28,13-12-2017 14:38,17-12-2017 19:52,02-01-2018
wz1CeFA0Dyib,skK05hMxZLe2,delivered,03-07-2018 18:09,05-07-2018 16:10,11-07-2018 19:13,25-07-2018
R1fW88aL6HIL,yXV9NmtR7vIS,delivered,22-09-2017 18:14,22-09-2017 18:30,03-10-2017 15:52,16-10-2017
S9UyJPQtFhIP,wiydFmemuzxE,delivered,04-01-2018 05:39,04-01-2018 09:20,12-01-2018 21:46,30-01-2018
WrsHS9TUleHR,GwmnMu8tzO2F,delivered,28-05-2017 02:29,29-05-2017 03:30,02-06-2017 15:33,27-06-2017
1eGJ4WaVLQAJ,n9wpiROrqlmb,delivered,05-12-2017 08:47,05-12-2017 11:03,16-12-2017 17:33,02-01-2018
YoIPXbPUqC2o,sK3JkvTzsiEM,delivered,17-07-2018 06:24,17-07-2018 06:45,24-07-2018 00:34,01-08-2018
K1CFTm0JpdJ8,1tAEVoo9CgB6,delivered,16-01-2018 18:22,16-01-2018 18:31,26-01-2018 21:07,14-02-2018
VkZ3xRRCQIOb,KKm6rM3xGM7w,delivered,02-05-2018 17:58,02-05-2018 18:33,07-05-2018 23:08,21-05-2018
oOTRNzOPNvB6,tyssrZqbT9Nm,delivered,07-06-2018 18:38,07-06-2018 18:55,14-06-2018 00:48,03-07-2018
